PLAYER,TEAM,CLAUSE,EXPIRY,AGE,POS,,GP,G,A,P,+/-,TOI,W,L,SO,GAA,Sv%,,SALARY,CAP HIT ▾
1. Alex Ovechkin,Washington Capitals,,UFA,31,"LW, RW",,78,51,28,79,0,,-,-,-,-,-,,"$9,000,000","$9,538,462"
2. Sidney Crosby,Pittsburgh Penguins,NMC,UFA,29,C,,80,36,68,104,0,,-,-,-,-,-,,"$12,000,000","$8,700,000"
3. Evgeni Malkin,Pittsburgh Penguins,NMC,UFA,30,"C, RW",,60,23,49,72,0,,-,-,-,-,-,,"$7,500,000","$8,700,000"
4. Corey Perry,Anaheim Ducks,NMC,UFA,32,RW,,81,43,39,82,0,,-,-,-,-,-,,"$7,000,000","$8,625,000"
5. Ryan Getzlaf,Anaheim Ducks,NMC,UFA,32,C,,77,31,56,87,0,,-,-,-,-,-,,"$6,500,000","$8,250,000"
6. Eric Staal,Minnesota Wild,NTC,UFA,32,C,,79,21,40,61,0,,-,-,-,-,-,,"$9,250,000","$8,250,000"
7. Shea Weber,Montreal Canadiens,,UFA,31,D,,79,23,33,56,0,,-,-,-,-,-,,"$14,000,000","$7,857,143"
8. Rick Nash,New York Rangers,NMC,UFA,33,"LW, RW",,65,26,13,39,0,,-,-,-,-,-,,"$7,800,000","$7,800,000"
9. Zach Parise,Minnesota Wild,NMC,UFA,32,LW,,67,29,27,56,0,,-,-,-,-,-,,"$12,000,000","$7,538,462"
10. Ryan Suter,Minnesota Wild,NMC,UFA,32,D,,82,8,35,43,0,,-,-,-,-,-,,"$12,000,000","$7,538,462"
11. Steven Stamkos,Tampa Bay Lightning,,UFA,27,C,,37,25,15,40,0,,-,-,-,-,-,,"$8,000,000","$7,500,000"
12. Marian Gaborik,Los Angeles Kings,NTC,UFA,35,RW,,41,11,19,30,0,,-,-,-,-,-,,"$7,500,000","$7,500,000"
13. Thomas Vanek,Dallas Stars,,UFA,33,"LW, RW",,78,27,41,68,0,,-,-,-,-,-,,"$6,400,000","$7,142,857"
14. Jason Spezza,Los Angeles Kings,"M-NTC, NMC",UFA,34,C,,75,23,43,66,0,,-,-,-,-,-,,"$5,000,000","$7,000,000"
15. Drew Doughty,San Jose Sharks,,UFA,27,D,,78,10,27,37,0,,-,-,-,-,-,,"$6,700,000","$7,000,000"
16. Joe Thornton,Nashville Predators,NMC,UFA,38,C,,82,11,65,76,0,,-,-,-,-,-,,"$6,000,000","$7,000,000"
17. Pekka Rinne,Boston Bruins,NMC,UFA,34,G,,24,-,-,-,-,-,0,0,0,0.00,.000,,"$7,000,000","$7,000,000"
18. Tuukka Rask,Boston Bruins,NMC,UFA,30,G,,58,-,-,-,-,-,0,0,0,0.00,.000,,"$6,000,000","$7,000,000"
19. Zdeno Chara,Toronto Maple Leafs,NMC,UFA,40,D,,77,17,23,40,0,,-,-,-,-,-,,"$8,000,000","$6,916,667"
20. Patrick Marleau,New York Rangers,NMC,UFA,37,"LW, C",,82,33,37,70,0,,-,-,-,-,-,,"$6,900,000","$6,900,000"
21. Henrik Lundqvist,Los Angeles Kings,,UFA,35,G,,63,-,-,-,-,-,0,0,0,0.00,.000,,"$5,125,000","$6,875,000"
22. Anze Kopitar,Minnesota Wild,,UFA,29,C,,82,29,41,70,0,,-,-,-,-,-,,"$7,500,000","$6,800,000"
23. Mikko Koivu,Washington Capitals,NMC,UFA,34,C,,65,11,43,54,0,,-,-,-,-,-,,"$7,290,000","$6,750,000"
24. Nicklas Backstrom,St. Louis Blues,,UFA,29,C,,82,18,61,79,0,,-,-,-,-,-,,"$6,000,000","$6,700,000"
25. Jay Bouwmeester,St. Louis Blues,,UFA,33,D,,82,4,33,37,0,,-,-,-,-,-,,"$6,600,000","$6,680,000"
26. Paul Stastny,Ottawa Senators,,UFA,31,C,,71,25,35,60,0,,-,-,-,-,-,,"$6,600,000","$6,600,000"
27. Erik Karlsson,Ottawa Senators,,UFA,27,D,,0,0,0,0,0,,-,-,-,-,-,,"$5,500,000","$6,500,000"
28. Dion Phaneuf,St. Louis Blues,,UFA,32,D,,80,8,23,31,0,,-,-,-,-,-,,"$5,500,000","$6,500,000"
29. Alex Pietrangelo,Montreal Canadiens,,UFA,27,D,,81,8,43,51,0,,-,-,-,-,-,,"$5,000,000","$6,500,000"
30. Carey Price,Chicago Blackhawks,,UFA,29,G,,59,-,-,-,-,-,0,0,0,0.00,.000,,"$5,750,000","$6,500,000"
31. Patrick Kane,Chicago Blackhawks,,UFA,28,"RW, C",,69,29,40,69,0,,-,-,-,-,-,,"$6,500,000","$6,300,000"
32. Jonathan Toews,Carolina Hurricanes,,UFA,29,C,,76,28,40,68,0,,-,-,-,-,-,,"$6,500,000","$6,300,000"
33. Cam Ward,Anaheim Ducks,NTC,UFA,33,G,,30,-,-,-,-,-,0,0,0,0.00,.000,,"$6,600,000","$6,300,000"
34. Ryan Miller,Vancouver Canucks,M-NTC,UFA,37,G,,59,-,-,-,-,-,0,0,0,0.00,.000,,"$6,250,000","$6,250,000"
35. Henrik Sedin,Vancouver Canucks,NMC,UFA,36,C,,70,11,39,50,0,,-,-,-,-,-,,"$6,100,000","$6,100,000"
36. Daniel Sedin,Detroit Red Wings,NMC,UFA,36,LW,,73,16,31,47,0,,-,-,-,-,-,,"$6,100,000","$6,100,000"
37. Mike Green,Detroit Red Wings,M-NTC,UFA,31,D,,70,9,29,38,0,,-,-,-,-,-,,"$6,000,000","$6,083,333"
38. Henrik Zetterberg,New Jersey Devils,,UFA,36,"LW, C",,45,16,32,48,0,,-,-,-,-,-,,"$7,500,000","$6,083,333"
39. Taylor Hall,New York Islanders,,UFA,25,"LW, C",,75,27,53,80,0,,-,-,-,-,-,,"$6,000,000","$6,000,000"
40. Jordan Eberle,Carolina Hurricanes,,UFA,27,RW,,80,28,37,65,0,,-,-,-,-,-,,"$6,000,000","$6,000,000"
41. Jordan Staal,Edmonton Oilers,NMC,UFA,28,"C, LW",,82,15,25,40,0,,-,-,-,-,-,,"$6,000,000","$6,000,000"
42. Milan Lucic,Los Angeles Kings,M-NTC,UFA,29,LW,,80,24,35,59,0,,-,-,-,-,-,,"$5,500,000","$6,000,000"
43. Mike Cammalleri,Dallas Stars,M-NTC,UFA,35,"LW, C",,63,26,19,45,0,,-,-,-,-,-,,"$7,000,000","$6,000,000"
44. Kari Lehtonen,Chicago Blackhawks,NTC,UFA,33,G,,65,-,-,-,-,-,0,0,0,0.00,.000,,"$6,250,000","$5,900,000"
45. Patrick Sharp,Los Angeles Kings,"M-NTC, NMC",UFA,35,"LW, C",,82,34,44,78,0,,-,-,-,-,-,,"$6,500,000","$5,900,000"
46. Jonathan Quick,Chicago Blackhawks,,UFA,31,G,,49,-,-,-,-,-,0,0,0,0.00,.000,,"$7,000,000","$5,800,000"
47. Brent Seabrook,San Jose Sharks,M-NTC,UFA,32,D,,82,7,34,41,0,,-,-,-,-,-,,"$5,000,000","$5,800,000"
48. Brent Burns,Winnipeg Jets,M-NTC,UFA,32,"D, RW",,69,22,26,48,0,,-,-,-,-,-,,"$5,760,000","$5,760,000"
49. Toby Enstrom,Dallas Stars,NMC,UFA,32,D,,82,10,20,30,0,,-,-,-,-,-,,"$5,750,000","$5,750,000"
50. Tyler Seguin,New Jersey Devils,,UFA,25,"C, RW",,80,37,47,84,0,,-,-,-,-,-,,"$4,500,000","$5,750,000"
51. Travis Zajac,Carolina Hurricanes,NTC,UFA,32,C,,80,18,30,48,0,,-,-,-,-,-,,"$3,500,000","$5,750,000"
52. Jeff Skinner,Calgary Flames,,UFA,25,"LW, RW",,71,33,21,54,0,,-,-,-,-,-,,"$4,350,000","$5,725,000"
53. Mike Smith,Columbus Blue Jackets,NMC,UFA,35,G,,62,-,-,-,-,-,0,0,0,0.00,.000,,"$4,000,000","$5,666,667"
54. Sergei Bobrovsky,Winnipeg Jets,,UFA,28,G,,58,-,-,-,-,-,0,0,0,0.00,.000,,"$5,000,000","$5,625,000"
55. Blake Wheeler,Chicago Blackhawks,,UFA,30,RW,,82,28,41,69,0,,-,-,-,-,-,,"$4,600,000","$5,600,000"
56. Duncan Keith,Winnipeg Jets,NMC,UFA,34,D,,79,6,55,61,0,,-,-,-,-,-,,"$7,650,000","$5,538,462"
57. Tyler Myers,Arizona Coyotes,,UFA,27,D,,62,9,13,22,0,,-,-,-,-,-,,"$6,000,000","$5,500,000"
58. Oliver Ekman-Larsson,New York Islanders,,UFA,26,D,,80,15,29,44,0,,-,-,-,-,-,,"$3,500,000","$5,500,000"
59. Mike Ribeiro,Pittsburgh Penguins,,UFA,37,C,,80,16,31,47,0,,-,-,-,-,-,,"$4,500,000","$5,500,000"
60. John Tavares,Florida Panthers,,UFA,26,C,,59,24,42,66,0,,-,-,-,-,-,,"$5,000,000","$5,500,000"
61. Phil Kessel,Toronto Maple Leafs,"M-NTC, NMC",UFA,29,RW,,82,37,43,80,0,,-,-,-,-,-,,"$5,400,000","$5,400,000"
62. Roberto Luongo,Buffalo Sabres,NTC,UFA,38,G,,56,-,-,-,-,-,0,0,0,0.00,.000,,"$6,714,000","$5,333,333"
63. Nathan Horton,Detroit Red Wings,NMC,UFA,32,RW,,36,5,14,19,0,,-,-,-,-,-,,"$5,000,000","$5,300,000"
64. Shane Doan,Chicago Blackhawks,NMC,UFA,40,"RW, LW",,69,23,24,47,0,,-,-,-,-,-,,"$5,550,000","$5,300,000"
65. Jason Pominville,Los Angeles Kings,"M-NTC, NMC",UFA,34,RW,,82,30,30,60,0,,-,-,-,-,-,,"$5,500,000","$5,300,000"
66. Jimmy Howard,Vegas Golden Knights,NMC,UFA,33,G,,51,-,-,-,-,-,0,0,0,0.00,.000,,"$5,500,000","$5,291,667"
67. Marian Hossa,Toronto Maple Leafs,NMC,UFA,38,RW,,72,30,30,60,0,,-,-,-,-,-,,"$7,900,000","$5,275,000"
68. Jeff Carter,Dallas Stars,,UFA,32,"C, RW",,72,27,23,50,0,,-,-,-,-,-,,"$6,500,000","$5,272,727"
69. David Clarkson,Florida Panthers,"M-NTC, NMC",UFA,33,RW,,60,5,6,11,0,,-,-,-,-,-,,"$4,500,000","$5,250,000"
70. Joffrey Lupul,Montreal Canadiens,M-NTC,UFA,33,"LW, RW",,69,22,22,44,0,,-,-,-,-,-,,"$5,250,000","$5,250,000"
71. Jamie Benn,Boston Bruins,,UFA,28,LW,,81,34,45,79,0,,-,-,-,-,-,,"$5,000,000","$5,250,000"
72. Dennis Wideman,Buffalo Sabres,NMC,UFA,34,D,,46,4,17,21,0,,-,-,-,-,-,,"$5,000,000","$5,250,000"
73. Keith Yandle,Winnipeg Jets,,UFA,30,D,,82,8,45,53,0,,-,-,-,-,-,,"$5,250,000","$5,250,000"
74. Mark Streit,Buffalo Sabres,M-NTC,UFA,39,D,,82,10,34,44,0,,-,-,-,-,-,,"$5,000,000","$5,250,000"
75. David Krejci,Ottawa Senators,M-NTC,UFA,31,C,,80,19,50,69,0,,-,-,-,-,-,,"$5,250,000","$5,250,000"
76. Evander Kane,Anaheim Ducks,,UFA,25,LW,,63,19,22,41,0,,-,-,-,-,-,,"$4,500,000","$5,250,000"
77. Dustin Byfuglien,Vegas Golden Knights,M-NTC,UFA,32,"D, RW",,78,20,36,56,0,,-,-,-,-,-,,"$5,750,000","$5,200,000"
78. Zach Bogosian,Philadelphia Flyers,,UFA,27,D,,55,3,8,11,0,,-,-,-,-,-,,"$4,000,000","$5,142,857"
79. Bobby Ryan,Montreal Canadiens,,UFA,30,"RW, LW",,70,23,25,48,0,,-,-,-,-,-,,"$5,562,500","$5,100,000"
80. Ryan Kesler,Vancouver Canucks,NTC,UFA,32,"C, RW",,77,25,18,43,0,,-,-,-,-,-,,"$5,000,000","$5,000,000"
81. Marc-Andre Fleury,Buffalo Sabres,"M-NTC, NMC",UFA,32,G,,64,-,-,-,-,-,0,0,0,0.00,.000,,"$5,750,000","$5,000,000"
82. Valtteri Filppula,Vegas Golden Knights,NMC,UFA,33,"C, LW",,75,25,33,58,0,,-,-,-,-,-,,"$4,000,000","$5,000,000"
83. Ales Hemsky,Montreal Canadiens,,UFA,33,RW,,75,13,30,43,0,,-,-,-,-,-,,"$5,500,000","$5,000,000"
84. Alexander Edler,Boston Bruins,NTC,UFA,31,D,,63,7,15,22,0,,-,-,-,-,-,,"$3,250,000","$5,000,000"
85. Ryan O'Reilly,San Jose Sharks,,UFA,26,"C, LW, RW",,80,28,36,64,0,,-,-,-,-,-,,"$6,500,000","$5,000,000"
86. James Neal,New Jersey Devils,,UFA,29,"LW, RW",,59,27,34,61,0,,-,-,-,-,-,,"$5,000,000","$5,000,000"
87. Tomas Plekanec,Vancouver Canucks,M-NTC,UFA,34,C,,81,20,23,43,0,,-,-,-,-,-,,"$5,000,000","$5,000,000"
88. Patrice Bergeron,Nashville Predators,NMC,UFA,32,C,,80,30,32,62,0,,-,-,-,-,-,,"$4,550,000","$5,000,000"
89. Brian Gionta,Detroit Red Wings,NTC,UFA,38,RW,,81,18,22,40,0,,-,-,-,-,-,,"$5,000,000","$5,000,000"
90. Paul Martin,Winnipeg Jets,"M-NTC, NMC",UFA,36,D,,39,3,12,15,0,,-,-,-,-,-,,"$5,000,000","$5,000,000"
91. Ryane Clowe,New York Rangers,NMC,UFA,34,"LW, RW",,43,7,19,26,0,,-,-,-,-,-,,"$4,850,000","$4,850,000"
92. Sam Gagner,Vegas Golden Knights,,UFA,27,"C, RW",,67,10,27,37,0,,-,-,-,-,-,,"$4,400,000","$4,800,000"
93. Scott Hartnell,Arizona Coyotes,NMC,UFA,35,LW,,78,20,32,52,0,,-,-,-,-,-,,"$6,000,000","$4,750,000"
94. Niklas Kronwall,Anaheim Ducks,NTC,UFA,36,D,,79,8,41,49,0,,-,-,-,-,-,,"$6,000,000","$4,750,000"
95. Bryan Little,Dallas Stars,,UFA,29,"C, RW",,82,23,41,64,0,,-,-,-,-,-,,"$4,000,000","$4,700,000"
96. Ryan McDonagh,Tampa Bay Lightning,,UFA,28,D,,77,14,29,43,0,,-,-,-,-,-,,"$4,000,000","$4,700,000"
97. Jason Garrison,Boston Bruins,NTC,UFA,32,D,,81,7,26,33,0,,-,-,-,-,-,,"$6,500,000","$4,600,000"
98. Alex Goligoski,Ottawa Senators,M-NTC,UFA,31,D,,81,6,36,42,0,,-,-,-,-,-,,"$4,600,000","$4,600,000"
99. Kevin Bieksa,Dallas Stars,NTC,UFA,36,D,,76,4,20,24,0,,-,-,-,-,-,,"$5,000,000","$4,600,000"
100. R.J. Umberger,Montreal Canadiens,"NTC, NMC",UFA,35,C,,74,18,16,34,0,,-,-,-,-,-,,"$4,500,000","$4,600,000"
101. Tomas Fleischmann,Boston Bruins,"M-NTC, NMC",UFA,33,LW,,80,8,20,28,0,,-,-,-,-,-,,"$4,500,000","$4,500,000"
102. Braydon Coburn,New York Islanders,M-NTC,UFA,32,D,,82,5,12,17,0,,-,-,-,-,-,,"$5,500,000","$4,500,000"
103. Teddy Purcell,Calgary Flames,,UFA,31,"RW, LW",,81,12,30,42,0,,-,-,-,-,-,,"$4,500,000","$4,500,000"
104. Fedor Tyutin,Columbus Blue Jackets,"M-NTC, NMC",UFA,34,D,,69,4,22,26,0,,-,-,-,-,-,,"$4,500,000","$4,500,000"
105. Brooks Laich,Tampa Bay Lightning,M-NTC,UFA,34,"C, LW",,51,8,7,15,0,,-,-,-,-,-,,"$4,000,000","$4,500,000"
106. David Backes,Toronto Maple Leafs,NTC,UFA,33,"C, RW",,74,27,30,57,0,,-,-,-,-,-,,"$4,750,000","$4,500,000"
107. Alexandre Burrows,Pittsburgh Penguins,NTC,UFA,36,"RW, LW",,49,5,10,15,0,,-,-,-,-,-,,"$6,000,000","$4,500,000"
108. Dan Hamhuis,New York Rangers,NTC,UFA,34,D,,79,5,17,22,0,,-,-,-,-,-,,"$4,250,000","$4,500,000"
109. Max Pacioretty,Philadelphia Flyers,,UFA,28,LW,,73,39,21,60,0,,-,-,-,-,-,,"$4,000,000","$4,500,000"
110. Brad Marchand,San Jose Sharks,,UFA,29,LW,,82,25,28,53,0,,-,-,-,-,-,,"$4,000,000","$4,500,000"
111. Erik Cole,Vancouver Canucks,NTC,UFA,38,LW,,75,16,13,29,0,,-,-,-,-,-,,"$4,000,000","$4,500,000"
112. Andrew Ladd,Toronto Maple Leafs,M-NTC,UFA,31,LW,,78,23,31,54,0,,-,-,-,-,-,,"$4,500,000","$4,400,000"
113. Kris Versteeg,Columbus Blue Jackets,,UFA,31,"LW, RW",,81,12,24,36,0,,-,-,-,-,-,,"$4,600,000","$4,400,000"
114. Jack Johnson,Washington Capitals,,UFA,30,D,,82,5,28,33,0,,-,-,-,-,-,,"$3,500,000","$4,357,143"
115. Milan Michalek,Minnesota Wild,,UFA,32,"LW, RW",,82,17,22,39,0,,-,-,-,-,-,,"$6,000,000","$4,333,333"
116. Ryan Callahan,Calgary Flames,,UFA,32,RW,,65,17,19,36,0,,-,-,-,-,-,,"$4,825,000","$4,275,000"
117. James Van Riemsdyk,Anaheim Ducks,,UFA,28,LW,,80,30,31,61,0,,-,-,-,-,-,,"$3,750,000","$4,250,000"
118. Patric Hornqvist,Tampa Bay Lightning,,UFA,30,RW,,76,22,31,53,0,,-,-,-,-,-,,"$3,500,000","$4,250,000"
119. Kevin Shattenkirk,San Jose Sharks,,UFA,28,D,,81,10,35,45,0,,-,-,-,-,-,,"$3,300,000","$4,250,000"
120. Jakub Voracek,Nashville Predators,,UFA,27,RW,,82,23,39,62,0,,-,-,-,-,-,,"$4,500,000","$4,250,000"
121. Marc-Edouard Vlasic,New Jersey Devils,NTC,UFA,30,D,,81,5,19,24,0,,-,-,-,-,-,,"$4,250,000","$4,250,000"
122. Loui Eriksson,New Jersey Devils,NTC,UFA,32,"RW, LW",,61,10,27,37,0,,-,-,-,-,-,,"$4,600,000","$4,250,000"
123. Tyler Bozak,New York Rangers,M-NTC,UFA,31,C,,58,19,30,49,0,,-,-,-,-,-,,"$3,500,000","$4,200,000"
124. Brandon Dubinsky,Philadelphia Flyers,,UFA,31,"C, LW",,76,16,34,50,0,,-,-,-,-,-,,"$4,650,000","$4,200,000"
125. Mike Fisher,Washington Capitals,NMC,UFA,37,C,,75,20,29,49,0,,-,-,-,-,-,,"$4,200,000","$4,200,000"
126. T.J. Oshie,Detroit Red Wings,,UFA,30,RW,,79,21,39,60,0,,-,-,-,-,-,,"$4,000,000","$4,175,000"
127. Chris Stewart,New York Rangers,,UFA,29,"RW, LW",,63,15,11,26,0,,-,-,-,-,-,,"$4,100,000","$4,150,000"
128. Mark Giordano,Buffalo Sabres,NMC,UFA,33,D,,64,14,33,47,0,,-,-,-,-,-,,"$4,000,000","$4,020,000"
129. Cam Fowler,Calgary Flames,,UFA,25,D,,70,6,30,36,0,,-,-,-,-,-,,"$4,000,000","$4,000,000"
130. Zbynek Michalek,Carolina Hurricanes,M-NTC,UFA,34,D,,59,2,8,10,0,,-,-,-,-,-,,"$4,000,000","$4,000,000"
131. Drew Stafford,Vegas Golden Knights,,UFA,31,"RW, LW",,70,16,18,34,0,,-,-,-,-,-,,"$4,000,000","$4,000,000"
132. Victor Hedman,Pittsburgh Penguins,,UFA,26,D,,75,13,42,55,0,,-,-,-,-,-,,"$3,000,000","$4,000,000"
133. David Jones,Minnesota Wild,,UFA,32,RW,,48,9,8,17,0,,-,-,-,-,-,,"$4,000,000","$4,000,000"
134. Jiri Hudler,Anaheim Ducks,,UFA,33,"LW, RW",,75,17,37,54,0,,-,-,-,-,-,,"$4,000,000","$4,000,000"
135. Tim Gleason,Washington Capitals,,UFA,34,D,,56,1,5,6,0,,-,-,-,-,-,,"$4,500,000","$4,000,000"
136. Joe Pavelski,Philadelphia Flyers,,UFA,33,"C, RW",,82,41,38,79,0,,-,-,-,-,-,,"$4,000,000","$4,000,000"
137. Roman Josi,Colorado Avalanche,,UFA,27,D,,72,13,27,40,0,,-,-,-,-,-,,"$2,500,000","$4,000,000"
138. Pierre-Alexandre Parenteau,New York Islanders,,UFA,34,RW,,55,14,19,33,0,,-,-,-,-,-,,"$4,000,000","$4,000,000"
139. Adam Henrique,Tampa Bay Lightning,,UFA,27,C,,77,25,18,43,0,,-,-,-,-,-,,"$2,000,000","$4,000,000"
140. Cory Schneider,Calgary Flames,,UFA,31,G,,45,-,-,-,-,-,0,0,0,0.00,.000,,"$4,000,000","$4,000,000"
141. Marc Staal,Arizona Coyotes,,UFA,30,D,,72,3,11,14,0,,-,-,-,-,-,,"$3,875,000","$3,975,000"
142. Wayne Simmonds,Ottawa Senators,,UFA,28,"RW, LW",,82,29,31,60,0,,-,-,-,-,-,,"$2,800,000","$3,975,000"
143. John Carlson,Pittsburgh Penguins,,UFA,27,D,,82,10,27,37,0,,-,-,-,-,-,,"$4,000,000","$3,966,667"
144. Johan Franzen,Calgary Flames,,UFA,37,"RW, LW",,54,16,25,41,0,,-,-,-,-,-,,"$5,000,000","$3,954,545"
145. Ondrej Pavelec,Arizona Coyotes,,UFA,29,G,,57,-,-,-,-,-,0,0,0,0.00,.000,,"$3,500,000","$3,900,000"
146. Josh Gorges,Colorado Avalanche,M-NTC,UFA,32,D,,66,1,13,14,0,,-,-,-,-,-,,"$3,900,000","$3,900,000"
147. Eric Brewer,New York Rangers,M-NTC,UFA,38,D,,77,4,13,17,0,,-,-,-,-,-,,"$4,000,000","$3,875,000"
148. John-Michael Liles,Minnesota Wild,M-NTC,UFA,36,D,,41,2,7,9,0,,-,-,-,-,-,,"$4,250,000","$3,875,000"
149. Travis Hamonic,Ottawa Senators,,UFA,26,D,,69,3,15,18,0,,-,-,-,-,-,,"$1,250,000","$3,857,143"
150. Justin Williams,Arizona Coyotes,,UFA,35,RW,,82,19,24,43,0,,-,-,-,-,-,,"$3,750,000","$3,825,000"
151. David Perron,New York Islanders,,UFA,29,"LW, RW",,78,28,29,57,0,,-,-,-,-,-,,"$3,500,000","$3,812,500"
152. Antti Niemi,St. Louis Blues,,UFA,33,G,,64,-,-,-,-,-,0,0,0,0.00,.000,,"$4,000,000","$3,800,000"
153. Kyle Quincey,Tampa Bay Lightning,,UFA,31,D,,82,4,9,13,0,,-,-,-,-,-,,"$4,000,000","$3,775,000"
154. Antoine Vermette,Detroit Red Wings,,UFA,35,"C, LW",,82,24,21,45,0,,-,-,-,-,-,,"$3,750,000","$3,750,000"
155. Brooks Orpik,New York Islanders,M-NTC,UFA,36,D,,72,2,11,13,0,,-,-,-,-,-,,"$3,750,000","$3,750,000"
156. Claude Giroux,Chicago Blackhawks,,UFA,29,"C, RW",,82,28,58,86,0,,-,-,-,-,-,,"$5,000,000","$3,750,000"
157. Erik Johnson,Ottawa Senators,,UFA,29,D,,80,9,30,39,0,,-,-,-,-,-,,"$3,750,000","$3,750,000"
158. Jaroslav Halak,St. Louis Blues,,UFA,32,G,,52,-,-,-,-,-,0,0,0,0.00,.000,,"$4,500,000","$3,750,000"
159. Chris Kunitz,New York Islanders,M-NTC,UFA,37,LW,,78,35,33,68,0,,-,-,-,-,-,,"$3,725,000","$3,725,000"
160. Troy Brouwer,Detroit Red Wings,M-NTC,UFA,31,RW,,82,25,18,43,0,,-,-,-,-,-,,"$3,600,000","$3,666,667"
161. Luke Schenn,Ottawa Senators,,UFA,27,D,,79,4,8,12,0,,-,-,-,-,-,,"$3,350,000","$3,600,000"
162. Brad Stuart,Ottawa Senators,M-NTC,UFA,37,D,,61,3,8,11,0,,-,-,-,-,-,,"$3,600,000","$3,600,000"
163. Francois Beauchemin,Los Angeles Kings,M-NTC,UFA,37,D,,70,4,13,17,0,,-,-,-,-,-,,"$3,500,000","$3,500,000"
164. Bryan Allen,St. Louis Blues,,UFA,36,D,,68,0,10,10,0,,-,-,-,-,-,,"$3,500,000","$3,500,000"
165. Kyle Turris,Buffalo Sabres,,UFA,27,C,,82,26,32,58,0,,-,-,-,-,-,,"$2,500,000","$3,500,000"
166. Kris Letang,Dallas Stars,,UFA,30,D,,37,11,11,22,0,,-,-,-,-,-,,"$3,500,000","$3,500,000"
167. Matt Stajan,Columbus Blue Jackets,,UFA,33,C,,63,14,19,33,0,,-,-,-,-,-,,"$2,500,000","$3,500,000"
168. Niklas Hjalmarsson,Arizona Coyotes,,UFA,30,D,,81,4,22,26,0,,-,-,-,-,-,,"$3,500,000","$3,500,000"
169. Scottie Upshall,Dallas Stars,"M-NTC, NMC",UFA,33,LW,,76,15,22,37,0,,-,-,-,-,-,,"$3,500,000","$3,500,000"
170. Nick Schultz,San Jose Sharks,,UFA,34,D,,69,0,5,5,0,,-,-,-,-,-,,"$3,600,000","$3,500,000"
171. Matt Duchene,Edmonton Oilers,,UFA,26,"C, LW",,71,23,47,70,0,,-,-,-,-,-,,"$3,750,000","$3,500,000"
172. Matt Cullen,Florida Panthers,,UFA,40,"C, LW",,77,10,29,39,0,,-,-,-,-,-,,"$3,000,000","$3,500,000"
173. David Desharnais,New York Rangers,,UFA,30,C,,79,16,36,52,0,,-,-,-,-,-,,"$3,500,000","$3,500,000"
174. Devan Dubnyk,Vegas Golden Knights,,UFA,31,G,,34,-,-,-,-,-,0,0,0,0.00,.000,,"$3,750,000","$3,500,000"
175. Michael Ryder,New Jersey Devils,,UFA,37,RW,,82,18,16,34,0,,-,-,-,-,-,,"$3,500,000","$3,500,000"
176. Rob Scuderi,Toronto Maple Leafs,M-NTC,UFA,38,D,,53,0,4,4,0,,-,-,-,-,-,,"$4,000,000","$3,375,000"
177. Johnny Oduya,Colorado Avalanche,M-NTC,UFA,35,D,,77,3,13,16,0,,-,-,-,-,-,,"$3,300,000","$3,375,000"
178. Dave Bolland,San Jose Sharks,,UFA,31,C,,23,8,4,12,0,,-,-,-,-,-,,"$3,375,000","$3,375,000"
179. Johnny Boychuk,Nashville Predators,M-NTC,UFA,33,D,,75,5,18,23,0,,-,-,-,-,-,,"$3,400,000","$3,366,667"
180. Alexander Steen,Colorado Avalanche,,UFA,33,"LW, C",,68,33,29,62,0,,-,-,-,-,-,,"$3,566,667","$3,362,500"
181. Rene Bourque,St. Louis Blues,M-NTC,UFA,35,LW,,63,9,7,16,0,,-,-,-,-,-,,"$4,000,000","$3,333,333"
182. Dan Girardi,Minnesota Wild,,UFA,33,D,,81,5,19,24,0,,-,-,-,-,-,,"$3,400,000","$3,325,000"
183. Trevor Daley,Montreal Canadiens,M-NTC,UFA,33,D,,67,9,16,25,0,,-,-,-,-,-,,"$3,500,000","$3,300,000"
184. Josh Bailey,Buffalo Sabres,,UFA,27,"LW, RW",,77,8,30,38,0,,-,-,-,-,-,,"$2,200,000","$3,300,000"
185. Artem Anisimov,New York Islanders,,UFA,29,"C, LW",,81,22,17,39,0,,-,-,-,-,-,,"$2,750,000","$3,283,333"
186. Clarke MacArthur,Edmonton Oilers,NMC,UFA,32,LW,,79,24,31,55,0,,-,-,-,-,-,,"$3,250,000","$3,250,000"
187. Patrik Berglund,New York Islanders,,UFA,29,"C, LW",,78,14,18,32,0,,-,-,-,-,-,,"$3,250,000","$3,250,000"
188. Jan Hejda,Detroit Red Wings,,UFA,39,D,,78,6,11,17,0,,-,-,-,-,-,,"$3,250,000","$3,250,000"
189. Dennis Seidenberg,New York Islanders,M-NTC,UFA,36,D,,34,1,9,10,0,,-,-,-,-,-,,"$3,500,000","$3,250,000"
190. Jonathan Ericsson,Chicago Blackhawks,M-NTC,UFA,33,D,,48,1,10,11,0,,-,-,-,-,-,,"$3,250,000","$3,250,000"
191. Derick Brassard,Minnesota Wild,,UFA,29,C,,81,18,27,45,0,,-,-,-,-,-,,"$3,700,000","$3,200,000"
192. Craig Anderson,San Jose Sharks,,UFA,36,G,,53,-,-,-,-,-,0,0,0,0.00,.000,,"$3,500,000","$3,187,500"
193. Dustin Brown,Vancouver Canucks,,UFA,32,"RW, LW",,79,15,12,27,0,,-,-,-,-,-,,"$3,500,000","$3,175,000"
194. Carl Gunnarsson,Carolina Hurricanes,,UFA,30,D,,80,3,14,17,0,,-,-,-,-,-,,"$2,850,000","$3,150,000"
195. Matt Moulson,Winnipeg Jets,,UFA,33,LW,,75,23,28,51,0,,-,-,-,-,-,,"$3,900,000","$3,133,333"
196. Jared Cowen,Philadelphia Flyers,,UFA,26,D,,68,6,9,15,0,,-,-,-,-,-,,"$1,500,000","$3,100,000"
197. Martin Hanzal,Anaheim Ducks,,UFA,30,C,,65,15,25,40,0,,-,-,-,-,-,,"$2,750,000","$3,100,000"
198. Dainius Zubrus,Calgary Flames,NTC,UFA,39,LW,,82,13,13,26,0,,-,-,-,-,-,,"$3,100,000","$3,100,000"
199. Nick Foligno,Dallas Stars,,UFA,29,"LW, RW",,70,18,21,39,0,,-,-,-,-,-,,"$3,000,000","$3,083,333"
200. Derek Stepan,Washington Capitals,,UFA,27,C,,82,17,40,57,0,,-,-,-,-,-,,"$2,300,000","$3,075,000"
201. Marc Methot,Pittsburgh Penguins,,UFA,32,D,,75,6,17,23,0,,-,-,-,-,-,,"$3,250,000","$3,000,000"
202. Marek Zidlicky,Chicago Blackhawks,NTC,UFA,40,D,,81,12,30,42,0,,-,-,-,-,-,,"$3,000,000","$3,000,000"
203. Boyd Gordon,Vegas Golden Knights,,UFA,33,C,,74,8,13,21,0,,-,-,-,-,-,,"$3,000,000","$3,000,000"
204. Joel Ward,Calgary Flames,,UFA,36,RW,,82,24,25,49,0,,-,-,-,-,-,,"$3,000,000","$3,000,000"
205. Jussi Jokinen,Detroit Red Wings,,UFA,34,"LW, RW, C",,81,21,36,57,0,,-,-,-,-,-,,"$3,000,000","$3,000,000"
206. Radim Vrbata,Vancouver Canucks,M-NTC,UFA,36,RW,,80,20,31,51,0,,-,-,-,-,-,,"$3,000,000","$3,000,000"
207. Chris Kelly,Vancouver Canucks,NTC,UFA,36,"C, LW",,57,9,9,18,0,,-,-,-,-,-,,"$3,500,000","$3,000,000"
208. Michael Grabner,New Jersey Devils,,UFA,29,RW,,64,12,14,26,0,,-,-,-,-,-,,"$3,000,000","$3,000,000"
209. Mikhail Grabovski,Nashville Predators,,UFA,33,"C, RW",,58,13,22,35,0,,-,-,-,-,-,,"$3,000,000","$3,000,000"
210. Andy Greene,Colorado Avalanche,,UFA,34,D,,82,8,24,32,0,,-,-,-,-,-,,"$3,250,000","$3,000,000"
211. Matt Greene,Nashville Predators,,UFA,34,D,,38,2,4,6,0,,-,-,-,-,-,,"$3,250,000","$2,950,000"
212. Nazem Kadri,Toronto Maple Leafs,,UFA,26,C,,78,20,30,50,0,,-,-,-,-,-,,"$2,700,000","$2,900,000"
213. Jonathan Bernier,Montreal Canadiens,,UFA,28,G,,55,-,-,-,-,-,0,0,0,0.00,.000,,"$2,400,000","$2,900,000"
214. Logan Couture,Chicago Blackhawks,,UFA,28,"C, LW",,65,23,31,54,0,,-,-,-,-,-,,"$3,000,000","$2,875,000"
215. P.K. Subban,Ottawa Senators,,UFA,28,D,,82,10,43,53,0,,-,-,-,-,-,,"$3,750,000","$2,875,000"
216. Semyon Varlamov,Washington Capitals,,UFA,29,G,,63,-,-,-,-,-,0,0,0,0.00,.000,,"$3,000,000","$2,833,333"
217. Kyle Brodziak,Florida Panthers,,UFA,33,C,,81,8,16,24,0,,-,-,-,-,-,,"$3,000,000","$2,833,333"
218. Tyler Ennis,Tampa Bay Lightning,,UFA,27,"C, LW, RW",,80,21,22,43,0,,-,-,-,-,-,,"$3,062,500","$2,812,500"
219. Karl Alzner,Philadelphia Flyers,,UFA,28,D,,82,2,16,18,0,,-,-,-,-,-,,"$2,800,000","$2,800,000"
220. Kyle Okposo,Nashville Predators,,UFA,29,RW,,71,27,42,69,0,,-,-,-,-,-,,"$3,000,000","$2,800,000"
221. Nikolai Kulemin,Detroit Red Wings,,UFA,31,"LW, RW",,70,9,11,20,0,,-,-,-,-,-,,"$3,000,000","$2,800,000"
222. Andrej Sekera,Montreal Canadiens,,UFA,31,D,,74,11,33,44,0,,-,-,-,-,-,,"$1,750,000","$2,750,000"
223. Roman Polak,New York Islanders,,UFA,31,D,,72,4,9,13,0,,-,-,-,-,-,,"$3,100,000","$2,750,000"
224. Cal Clutterbuck,Winnipeg Jets,,UFA,29,RW,,73,12,7,19,0,,-,-,-,-,-,,"$2,000,000","$2,750,000"
225. Frans Nielsen,Arizona Coyotes,,UFA,33,C,,80,25,33,58,0,,-,-,-,-,-,,"$2,500,000","$2,750,000"
226. Nick Leddy,New Jersey Devils,,UFA,26,D,,82,7,24,31,0,,-,-,-,-,-,,"$2,000,000","$2,700,000"
227. Corey Crawford,Tampa Bay Lightning,,UFA,32,G,,59,-,-,-,-,-,0,0,0,0.00,.000,,"$2,500,000","$2,666,667"
228. Jared Spurgeon,St. Louis Blues,,UFA,27,D,,67,5,21,26,0,,-,-,-,-,-,,"$1,500,000","$2,666,667"
229. Steve Downie,Vancouver Canucks,,UFA,30,"RW, LW",,62,4,20,24,0,,-,-,-,-,-,,"$2,750,000","$2,650,000"
230. Mikkel Boedker,Ottawa Senators,,UFA,27,"LW, RW",,82,19,32,51,0,,-,-,-,-,-,,"$2,300,000","$2,550,000"
231. Michael Del Zotto,Pittsburgh Penguins,,UFA,27,D,,67,3,13,16,0,,-,-,-,-,-,,"$2,900,000","$2,550,000"
232. Lee Stempniak,Boston Bruins,,UFA,34,RW,,73,12,22,34,0,,-,-,-,-,-,,"$2,750,000","$2,500,000"
233. Dmitry Kulikov,Florida Panthers,,UFA,26,D,,81,8,11,19,0,,-,-,-,-,-,,"$3,000,000","$2,500,000"
234. Chris Higgins,Calgary Flames,M-NTC,UFA,34,LW,,78,17,22,39,0,,-,-,-,-,-,,"$2,500,000","$2,500,000"
235. Lauri Korpikoski,Edmonton Oilers,,UFA,30,"LW, RW",,64,9,16,25,0,,-,-,-,-,-,,"$2,000,000","$2,500,000"
236. Matt Cooke,Toronto Maple Leafs,M-NTC,UFA,38,LW,,82,10,18,28,0,,-,-,-,-,-,,"$1,500,000","$2,500,000"
237. Michal Neuvirth,Vancouver Canucks,,UFA,29,G,,15,-,-,-,-,-,0,0,0,0.00,.000,,"$2,400,000","$2,400,000"
238. Jakub Kindl,Winnipeg Jets,,UFA,30,D,,66,2,17,19,0,,-,-,-,-,-,,"$1,600,000","$2,400,000"
239. Andrew Cogliano,New Jersey Devils,,UFA,30,"LW, RW, C",,82,21,21,42,0,,-,-,-,-,-,,"$2,670,000","$2,390,000"
240. Tyler Kennedy,Tampa Bay Lightning,,UFA,31,C,,67,4,13,17,0,,-,-,-,-,-,,"$2,350,000","$2,350,000"
241. Michael Frolik,Boston Bruins,,UFA,29,"RW, C",,81,15,27,42,0,,-,-,-,-,-,,"$1,900,000","$2,333,333"
242. Ben Bishop,San Jose Sharks,,UFA,30,G,,63,-,-,-,-,-,0,0,0,0.00,.000,,"$2,200,000","$2,300,000"
243. Matt Niskanen,Los Angeles Kings,,UFA,30,D,,81,10,36,46,0,,-,-,-,-,-,,"$2,500,000","$2,300,000"
244. Jordan Leopold,Edmonton Oilers,M-NTC,UFA,36,D,,27,1,5,6,0,,-,-,-,-,-,,"$2,250,000","$2,250,000"
245. Carl Hagelin,Buffalo Sabres,,UFA,28,LW,,72,17,16,33,0,,-,-,-,-,-,,"$2,100,000","$2,250,000"
246. Greg Zanon,St. Louis Blues,,UFA,37,D,,0,0,0,0,0,,-,-,-,-,-,,"$2,250,000","$2,250,000"
247. Ryan Wilson,Carolina Hurricanes,,UFA,30,D,,28,0,6,6,0,,-,-,-,-,-,,"$2,375,000","$2,250,000"
248. Michal Rozsival,New York Rangers,NMC,UFA,38,D,,42,1,7,8,0,,-,-,-,-,-,,"$2,650,000","$2,200,000"
249. Luca Sbisa,Tampa Bay Lightning,,UFA,27,D,,30,1,5,6,0,,-,-,-,-,-,,"$2,600,000","$2,175,000"
250. TJ Brodie,Edmonton Oilers,,UFA,27,D,,81,4,27,31,0,,-,-,-,-,-,,"$1,750,000","$2,125,000"
251. Darren Helm,San Jose Sharks,,UFA,30,C,,42,12,8,20,0,,-,-,-,-,-,,"$1,750,000","$2,125,000"
252. Brandon Sutter,Anaheim Ducks,,UFA,28,C,,81,13,13,26,0,,-,-,-,-,-,,"$2,700,000","$2,066,667"
253. Patrick Wiercioch,St. Louis Blues,,UFA,26,D,,53,4,19,23,0,,-,-,-,-,-,,"$1,100,000","$2,000,000"
254. Jaromir Jagr,Vancouver Canucks,,UFA,45,RW,,82,24,43,67,0,,-,-,-,-,-,,"$2,000,000","$2,000,000"
255. Marcus Johansson,Montreal Canadiens,,UFA,26,"C, LW, RW",,80,8,36,44,0,,-,-,-,-,-,,"$1,825,000","$2,000,000"
256. Shane O'Brien,New York Rangers,,UFA,33,D,,45,0,3,3,0,,-,-,-,-,-,,"$2,000,000","$2,000,000"
257. Craig Smith,Columbus Blue Jackets,,UFA,27,"C, RW",,79,24,28,52,0,,-,-,-,-,-,,"$2,000,000","$2,000,000"
258. Cody Franson,Arizona Coyotes,,UFA,29,D,,79,5,28,33,0,,-,-,-,-,-,,"$2,000,000","$2,000,000"
259. Colin Wilson,Calgary Flames,,UFA,27,"C, LW",,81,11,22,33,0,,-,-,-,-,-,,"$2,000,000","$2,000,000"
260. Alexei Emelin,Nashville Predators,,UFA,31,D,,59,3,14,17,0,,-,-,-,-,-,,"$2,000,000","$2,000,000"
261. Ron Hainsey,Washington Capitals,,UFA,36,D,,82,4,11,15,0,,-,-,-,-,-,,"$2,000,000","$2,000,000"
262. John Erskine,New Jersey Devils,,UFA,37,D,,37,1,3,4,0,,-,-,-,-,-,,"$1,925,000","$1,962,500"
263. Chris Neil,Los Angeles Kings,M-NTC,UFA,38,RW,,76,8,6,14,0,,-,-,-,-,-,,"$2,100,000","$1,900,000"
264. Torrey Mitchell,Los Angeles Kings,,UFA,32,"C, RW",,67,2,8,10,0,,-,-,-,-,-,,"$2,100,000","$1,900,000"
265. Jordin Tootoo,Vegas Golden Knights,,UFA,34,RW,,11,0,1,1,0,,-,-,-,-,-,,"$2,000,000","$1,900,000"
266. Zack Smith,Winnipeg Jets,,UFA,29,C,,82,13,9,22,0,,-,-,-,-,-,,"$1,500,000","$1,887,500"
267. Matt Hendricks,Anaheim Ducks,,UFA,36,LW,,77,5,2,7,0,,-,-,-,-,-,,"$1,850,000","$1,850,000"
268. Braden Holtby,Buffalo Sabres,,UFA,27,G,,48,-,-,-,-,-,0,0,0,0.00,.000,,"$1,700,000","$1,850,000"
269. Adam Burish,Colorado Avalanche,,UFA,34,RW,,15,0,0,0,0,,-,-,-,-,-,,"$1,850,000","$1,850,000"
270. Daniel Winnik,Colorado Avalanche,,UFA,32,C,,76,6,24,30,0,,-,-,-,-,-,,"$1,800,000","$1,800,000"
271. James Reimer,Toronto Maple Leafs,,UFA,29,G,,36,-,-,-,-,-,0,0,0,0.00,.000,,"$1,600,000","$1,800,000"
272. Vernon Fiddler,Los Angeles Kings,,UFA,37,"C, LW",,76,6,17,23,0,,-,-,-,-,-,,"$1,800,000","$1,800,000"
273. Jamie McBain,Florida Panthers,,UFA,29,D,,69,6,11,17,0,,-,-,-,-,-,,"$1,900,000","$1,800,000"
274. Brian Elliott,Nashville Predators,,UFA,32,G,,31,-,-,-,-,-,0,0,0,0.00,.000,,"$1,900,000","$1,800,000"
275. Jarome Iginla,Toronto Maple Leafs,,UFA,40,RW,,78,30,31,61,0,,-,-,-,-,-,,"$1,800,000","$1,800,000"
276. Anders Lindback,Philadelphia Flyers,,UFA,29,G,,23,-,-,-,-,-,0,0,0,0.00,.000,,"$2,200,000","$1,800,000"
277. Justin Abdelkader,Columbus Blue Jackets,,UFA,30,"LW, RW",,70,10,18,28,0,,-,-,-,-,-,,"$1,550,000","$1,800,000"
278. Jeff Petry,Buffalo Sabres,,UFA,29,D,,80,7,10,17,0,,-,-,-,-,-,,"$1,800,000","$1,750,000"
279. Jason Chimera,Detroit Red Wings,,UFA,38,"LW, RW",,82,15,27,42,0,,-,-,-,-,-,,"$1,700,000","$1,750,000"
280. Shawn Matthias,Toronto Maple Leafs,,UFA,29,"C, LW",,77,12,11,23,0,,-,-,-,-,-,,"$1,650,000","$1,750,000"
281. Jamie McGinn,Calgary Flames,,UFA,28,"LW, RW",,79,19,19,38,0,,-,-,-,-,-,,"$1,850,000","$1,750,000"
282. Mark Stuart,Montreal Canadiens,,UFA,33,D,,69,2,11,13,0,,-,-,-,-,-,,"$1,800,000","$1,700,000"
283. Brian Boyle,Tampa Bay Lightning,,UFA,32,"C, LW",,82,6,12,18,0,,-,-,-,-,-,,"$1,800,000","$1,700,000"
284. Anton Stralman,Tampa Bay Lightning,,UFA,30,D,,81,1,12,13,0,,-,-,-,-,-,,"$1,800,000","$1,700,000"
285. Chris Butler,Vancouver Canucks,,UFA,30,D,,82,2,14,16,0,,-,-,-,-,-,,"$1,700,000","$1,700,000"
286. Mike Weber,Colorado Avalanche,,UFA,29,D,,68,1,8,9,0,,-,-,-,-,-,,"$1,500,000","$1,666,667"
287. Ray Emery,Edmonton Oilers,,UFA,34,G,,28,-,-,-,-,-,0,0,0,0.00,.000,,"$1,650,000","$1,650,000"
288. Derek Dorsett,Pittsburgh Penguins,,UFA,30,RW,,51,4,4,8,0,,-,-,-,-,-,,"$1,400,000","$1,633,333"
289. Nate Thompson,Edmonton Oilers,,UFA,32,C,,81,9,7,16,0,,-,-,-,-,-,,"$1,500,000","$1,600,000"
290. Jiri Tlusty,Winnipeg Jets,,UFA,29,C,,68,16,14,30,0,,-,-,-,-,-,,"$1,700,000","$1,600,000"
291. Matt Hunwick,New York Rangers,,UFA,32,D,,1,0,0,0,0,,-,-,-,-,-,,"$1,600,000","$1,600,000"
292. Adam McQuaid,Tampa Bay Lightning,,UFA,30,D,,30,1,5,6,0,,-,-,-,-,-,,"$1,500,000","$1,566,667"
293. Jay Harrison,Vegas Golden Knights,,UFA,34,D,,68,4,11,15,0,,-,-,-,-,-,,"$1,500,000","$1,500,000"
294. Jason Demers,Calgary Flames,,UFA,29,D,,75,5,29,34,0,,-,-,-,-,-,,"$1,500,000","$1,500,000"
295. Mikael Backlund,Calgary Flames,,UFA,28,C,,76,18,21,39,0,,-,-,-,-,-,,"$1,500,000","$1,500,000"
296. Kris Russell,Calgary Flames,,UFA,30,D,,68,7,22,29,0,,-,-,-,-,-,,"$1,500,000","$1,500,000"
297. Eric Fehr,Carolina Hurricanes,,UFA,31,"C, RW",,73,13,18,31,0,,-,-,-,-,-,,"$1,400,000","$1,500,000"
298. Christopher Tanev,Ottawa Senators,,UFA,27,D,,64,6,11,17,0,,-,-,-,-,-,,"$1,500,000","$1,500,000"
299. Steve Mason,Calgary Flames,,UFA,29,G,,61,-,-,-,-,-,0,0,0,0.00,.000,,"$1,500,000","$1,500,000"
300. Jay McClement,Los Angeles Kings,,UFA,34,C,,81,4,6,10,0,,-,-,-,-,-,,"$1,500,000","$1,500,000"
301. Kyle Palmieri,Carolina Hurricanes,,UFA,26,"RW, LW",,71,14,17,31,0,,-,-,-,-,-,,"$1,350,000","$1,466,667"
302. Peter Budaj,Toronto Maple Leafs,,UFA,34,G,,0,-,-,-,-,-,0,0,0,0.00,.000,,"$1,400,000","$1,400,000"
303. Matt Beleskey,Washington Capitals,,UFA,29,LW,,55,9,15,24,0,,-,-,-,-,-,,"$1,300,000","$1,350,000"
304. Jannik Hansen,Vegas Golden Knights,,UFA,31,RW,,71,11,9,20,0,,-,-,-,-,-,,"$1,100,000","$1,350,000"
305. Drew Miller,Winnipeg Jets,,UFA,33,"LW, RW",,82,7,8,15,0,,-,-,-,-,-,,"$1,350,000","$1,350,000"
306. Trevor Lewis,Arizona Coyotes,,UFA,30,"C, RW, LW",,73,6,5,11,0,,-,-,-,-,-,,"$1,325,000","$1,325,000"
307. Mark Fayne,Chicago Blackhawks,,UFA,30,D,,72,4,7,11,0,,-,-,-,-,-,,"$1,400,000","$1,300,000"
308. Benoit Pouliot,Florida Panthers,,UFA,30,LW,,80,15,21,36,0,,-,-,-,-,-,,"$1,300,000","$1,300,000"
309. Vladimir Sobotka,Philadelphia Flyers,,UFA,30,LW,,61,9,24,33,0,,-,-,-,-,-,,"$1,400,000","$1,300,000"
310. Marcus Kruger,San Jose Sharks,,UFA,27,C,,81,8,20,28,0,,-,-,-,-,-,,"$1,250,000","$1,287,500"
311. Mark Fraser,Buffalo Sabres,,UFA,30,D,,42,1,1,2,0,,-,-,-,-,-,,"$1,275,000","$1,275,000"
312. Brendan Smith,Colorado Avalanche,,UFA,28,D,,71,5,14,19,0,,-,-,-,-,-,,"$1,250,000","$1,262,500"
313. Erik Condra,Colorado Avalanche,,UFA,30,RW,,76,6,10,16,0,,-,-,-,-,-,,"$1,200,000","$1,250,000"
314. Mark Letestu,Columbus Blue Jackets,,UFA,32,"C, RW",,82,12,22,34,0,,-,-,-,-,-,,"$1,200,000","$1,250,000"
315. Justin Braun,Montreal Canadiens,,UFA,30,D,,82,4,13,17,0,,-,-,-,-,-,,"$1,250,000","$1,250,000"
316. Patrick Eaves,Buffalo Sabres,,UFA,33,"RW, LW",,30,2,3,5,0,,-,-,-,-,-,,"$1,200,000","$1,200,000"
317. Magnus Paajarvi,Carolina Hurricanes,,UFA,26,LW,,55,6,6,12,0,,-,-,-,-,-,,"$1,000,000","$1,200,000"
318. Jacob Markstrom,Calgary Flames,,UFA,27,G,,16,-,-,-,-,-,0,0,0,0.00,.000,,"$1,000,000","$1,200,000"
319. David Schlemko,Buffalo Sabres,,UFA,30,D,,48,1,8,9,0,,-,-,-,-,-,,"$1,100,000","$1,187,500"
320. B.J. Crombeen,Colorado Avalanche,,UFA,32,RW,,55,3,7,10,0,,-,-,-,-,-,,"$1,150,000","$1,150,000"
321. Mats Zuccarello,Minnesota Wild,,UFA,29,"RW, LW",,77,19,40,59,0,,-,-,-,-,-,,"$1,150,000","$1,150,000"
322. Cam Atkinson,Edmonton Oilers,,UFA,28,RW,,79,21,19,40,0,,-,-,-,-,-,,"$1,125,000","$1,150,000"
323. Brad Richardson,Detroit Red Wings,,UFA,32,RW,,73,11,12,23,0,,-,-,-,-,-,,"$1,150,000","$1,150,000"
324. Michael Stone,Arizona Coyotes,,UFA,27,D,,70,8,13,21,0,,-,-,-,-,-,,"$800,000","$1,150,000"
325. Cody McLeod,Arizona Coyotes,,UFA,33,"LW, RW",,71,5,8,13,0,,-,-,-,-,-,,"$1,150,000","$1,150,000"
326. Lars Eller,Boston Bruins,,UFA,28,"C, LW, RW",,77,12,14,26,0,,-,-,-,-,-,,"$1,150,000","$1,150,000"
327. Ben Lovejoy,Pittsburgh Penguins,,UFA,33,D,,78,5,13,18,0,,-,-,-,-,-,,"$1,000,000","$1,100,000"
328. Tanner Glass,Buffalo Sabres,,UFA,33,LW,,67,4,9,13,0,,-,-,-,-,-,,"$1,100,000","$1,100,000"
329. Alec Martinez,Montreal Canadiens,,UFA,30,D,,61,11,11,22,0,,-,-,-,-,-,,"$1,100,000","$1,100,000"
330. John Mitchell,Calgary Flames,,UFA,32,C,,75,11,21,32,0,,-,-,-,-,-,,"$1,100,000","$1,100,000"
331. Kyle Clifford,New York Islanders,,UFA,26,LW,,71,3,5,8,0,,-,-,-,-,-,,"$950,000","$1,075,000"
332. Clayton Stoner,Pittsburgh Penguins,,UFA,32,D,,63,1,4,5,0,,-,-,-,-,-,,"$1,100,000","$1,050,000"
333. Mathieu Perreault,New York Islanders,,UFA,29,"C, LW",,69,18,25,43,0,,-,-,-,-,-,,"$1,100,000","$1,050,000"
334. Jared Boll,Detroit Red Wings,,UFA,31,RW,,28,1,1,2,0,,-,-,-,-,-,,"$1,150,000","$1,050,000"
335. Marco Scandella,Los Angeles Kings,,UFA,27,D,,76,3,14,17,0,,-,-,-,-,-,,"$900,000","$1,025,000"
336. Carl Soderberg,Vegas Golden Knights,,UFA,31,"C, LW",,73,16,32,48,0,,-,-,-,-,-,,"$1,000,000","$1,008,333"
337. Blake Comeau,Winnipeg Jets,,UFA,31,"LW, RW",,61,5,11,16,0,,-,-,-,-,-,,"$1,000,000","$1,000,000"
338. Mason Raymond,Philadelphia Flyers,,UFA,31,LW,,82,19,26,45,0,,-,-,-,-,-,,"$1,000,000","$1,000,000"
339. Dominic Moore,New Jersey Devils,,UFA,36,"C, LW",,73,6,12,18,0,,-,-,-,-,-,,"$1,000,000","$1,000,000"
340. Jake Muzzin,Calgary Flames,,UFA,28,D,,76,5,19,24,0,,-,-,-,-,-,,"$1,000,000","$1,000,000"
341. Derek MacKenzie,Vancouver Canucks,,UFA,36,"C, LW",,71,9,9,18,0,,-,-,-,-,-,,"$1,000,000","$1,000,000"
342. Brad Boyes,Toronto Maple Leafs,,UFA,35,"RW, C",,78,21,15,36,0,,-,-,-,-,-,,"$1,000,000","$1,000,000"
343. Matt Irwin,Boston Bruins,,UFA,29,D,,62,2,17,19,0,,-,-,-,-,-,,"$900,000","$1,000,000"
344. Matt Martin,Edmonton Oilers,,UFA,28,"LW, RW",,79,8,6,14,0,,-,-,-,-,-,,"$1,000,000","$1,000,000"
345. Radko Gudas,Colorado Avalanche,,UFA,27,D,,73,3,19,22,0,,-,-,-,-,-,,"$575,000","$991,667"
346. Matt Calvert,Anaheim Ducks,,UFA,27,LW,,56,9,15,24,0,,-,-,-,-,-,,"$850,000","$987,500"
347. Justin Falk,St. Louis Blues,,UFA,28,D,,21,0,2,2,0,,-,-,-,-,-,,"$975,000","$975,000"
348. Gustav Nyquist,Washington Capitals,,UFA,27,"RW, C, LW",,57,28,20,48,0,,-,-,-,-,-,,"$850,000","$950,000"
349. Jesse Joensuu,Washington Capitals,,UFA,29,LW,,42,3,2,5,0,,-,-,-,-,-,,"$900,000","$950,000"
350. Frederik Andersen,Vancouver Canucks,,UFA,27,G,,28,-,-,-,-,-,0,0,0,0.00,.000,,"$925,000","$925,000"
351. Curtis Lazar,Florida Panthers,,RFA,22,"C, RW",,0,0,0,0,0,,-,-,-,-,-,,$0,"$925,000"
352. Jonathan Drouin,Philadelphia Flyers,,UFA,22,LW,,0,0,0,0,0,,-,-,-,-,-,,$0,"$925,000"
353. Vladislav Namestnikov,St. Louis Blues,,RFA,24,"C, LW",,4,0,0,0,0,,-,-,-,-,-,,"$925,000","$925,000"
354. Andrej Sustr,Philadelphia Flyers,,UFA,26,D,,43,1,7,8,0,,-,-,-,-,-,,"$925,000","$925,000"
355. Jayson Megna,Nashville Predators,,UFA,27,C,,36,5,4,9,0,,-,-,-,-,-,,"$925,000","$925,000"
356. Nail Yakupov,Vegas Golden Knights,,RFA,23,"RW, LW",,63,11,13,24,0,,-,-,-,-,-,,"$925,000","$925,000"
357. Ryan Nugent-Hopkins,Washington Capitals,,UFA,24,C,,80,19,37,56,0,,-,-,-,-,-,,"$925,000","$925,000"
358. Justin Schultz,Columbus Blue Jackets,,UFA,27,D,,74,11,22,33,0,,-,-,-,-,-,,"$925,000","$925,000"
359. Darnell Nurse,New York Islanders,,RFA,22,D,,0,0,0,0,0,,-,-,-,-,-,,$0,"$925,000"
360. Buddy Robinson,New York Islanders,,RFA,25,RW,,0,0,0,0,0,,-,-,-,-,-,,"$925,000","$925,000"
361. Cole Schneider,Vegas Golden Knights,,UFA,26,"LW, RW",,0,0,0,0,0,,-,-,-,-,-,,"$925,000","$925,000"
362. Slater Koekkoek,Minnesota Wild,,RFA,23,D,,0,0,0,0,0,,-,-,-,-,-,,$0,"$925,000"
363. Jonathan Marchessault,Minnesota Wild,,UFA,26,C,,0,0,0,0,0,,-,-,-,-,-,,"$925,000","$925,000"
364. Emile Poirier,Florida Panthers,,RFA,22,LW,,0,0,0,0,0,,-,-,-,-,-,,$0,"$925,000"
365. Johnny Gaudreau,Nashville Predators,,UFA,23,LW,,1,1,0,1,0,,-,-,-,-,-,,"$925,000","$925,000"
366. Sean Monahan,Colorado Avalanche,,UFA,22,C,,75,22,12,34,0,,-,-,-,-,-,,"$925,000","$925,000"
367. Josh Jooris,Vancouver Canucks,,UFA,27,C,,0,0,0,0,0,,-,-,-,-,-,,"$925,000","$925,000"
368. Patrick Sieloff,Anaheim Ducks,,RFA,23,D,,0,0,0,0,0,,-,-,-,-,-,,$0,"$925,000"
369. Tyler Wotherspoon,Anaheim Ducks,,RFA,24,D,,14,0,4,4,0,,-,-,-,-,-,,"$925,000","$925,000"
370. Nick Shore,New York Rangers,,RFA,24,C,,0,0,0,0,0,,-,-,-,-,-,,"$925,000","$925,000"
371. Teuvo Teravainen,Ottawa Senators,,RFA,22,"C, LW, RW",,3,0,0,0,0,,-,-,-,-,-,,$0,"$925,000"
372. Kerby Rychel,Vancouver Canucks,,RFA,22,LW,,0,0,0,0,0,,-,-,-,-,-,,$0,"$925,000"
373. Andre Burakovsky,Toronto Maple Leafs,,RFA,22,"LW, C",,0,0,0,0,0,,-,-,-,-,-,,$0,"$925,000"
374. Nate Schmidt,Winnipeg Jets,,RFA,26,D,,29,2,4,6,0,,-,-,-,-,-,,"$925,000","$925,000"
375. Cameron Schilling,Pittsburgh Penguins,,UFA,28,D,,1,0,0,0,0,,-,-,-,-,-,,"$925,000","$925,000"
376. Antti Raanta,Pittsburgh Penguins,,UFA,28,G,,25,-,-,-,-,-,0,0,0,0.00,.000,,"$925,000","$925,000"
377. Ryan Hartman,Winnipeg Jets,,RFA,22,RW,,0,0,0,0,0,,-,-,-,-,-,,$0,"$925,000"
378. Aleksander Barkov,Edmonton Oilers,,UFA,21,C,,54,8,16,24,0,,-,-,-,-,-,,"$925,000","$925,000"
379. Sean Couturier,Dallas Stars,,UFA,24,C,,82,13,26,39,0,,-,-,-,-,-,,"$925,000","$925,000"
380. Tomas Hertl,Dallas Stars,,RFA,23,"C, RW",,37,15,10,25,0,,-,-,-,-,-,,"$925,000","$925,000"
381. Matt Tennyson,New York Rangers,,UFA,27,D,,0,0,0,0,0,,-,-,-,-,-,,"$925,000","$925,000"
382. Gabriel Landeskog,Columbus Blue Jackets,,UFA,24,LW,,81,26,39,65,0,,-,-,-,-,-,,"$925,000","$925,000"
383. Nathan MacKinnon,Washington Capitals,,UFA,21,"C, RW",,82,24,39,63,0,,-,-,-,-,-,,"$925,000","$925,000"
384. Seth Jones,Florida Panthers,,UFA,22,D,,77,6,19,25,0,,-,-,-,-,-,,"$925,000","$925,000"
385. Alex Galchenyuk,Philadelphia Flyers,,UFA,23,"C, LW, RW",,65,13,18,31,0,,-,-,-,-,-,,"$925,000","$925,000"
386. Nathan Beaulieu,Nashville Predators,,RFA,24,D,,17,0,2,2,0,,-,-,-,-,-,,"$925,000","$925,000"
387. Elias Lindholm,Buffalo Sabres,,RFA,22,"C, RW",,58,9,12,21,0,,-,-,-,-,-,,"$925,000","$925,000"
388. Dougie Hamilton,Minnesota Wild,,UFA,24,D,,64,7,18,25,0,,-,-,-,-,-,,"$925,000","$925,000"
389. Rasmus Ristolainen,Vancouver Canucks,,UFA,22,D,,34,2,2,4,0,,-,-,-,-,-,,"$925,000","$925,000"
390. Nikita Zadorov,Vegas Golden Knights,,RFA,22,D,,7,1,0,1,0,,-,-,-,-,-,,$0,"$925,000"
391. Jonas Brodin,Boston Bruins,,UFA,24,D,,79,8,11,19,0,,-,-,-,-,-,,"$925,000","$925,000"
392. Adam Larsson,Dallas Stars,,UFA,24,D,,26,1,2,3,0,,-,-,-,-,-,,"$925,000","$925,000"
393. Danny DeKeyser,New York Islanders,,UFA,27,D,,65,4,19,23,0,,-,-,-,-,-,,"$925,000","$925,000"
394. Tyler Gaudet,Toronto Maple Leafs,,RFA,24,C,,0,0,0,0,0,,-,-,-,-,-,,"$925,000","$925,000"
395. Henrik Samuelsson,Tampa Bay Lightning,,UFA,23,C,,0,0,0,0,0,,-,-,-,-,-,,$0,"$925,000"
396. Max Domi,Tampa Bay Lightning,,RFA,22,"LW, C",,0,0,0,0,0,,-,-,-,-,-,,$0,"$925,000"
397. Tim Schaller,Tampa Bay Lightning,,UFA,26,C,,0,0,0,0,0,,-,-,-,-,-,,"$925,000","$925,000"
398. Chad Ruhwedel,Arizona Coyotes,,UFA,27,D,,21,0,1,1,0,,-,-,-,-,-,,"$925,000","$925,000"
399. Jake McCabe,Buffalo Sabres,,RFA,23,D,,7,0,1,1,0,,-,-,-,-,-,,"$925,000","$925,000"
400. Joey MacDonald,Montreal Canadiens,,UFA,37,G,,11,-,-,-,-,-,0,0,0,0.00,.000,,"$925,000","$925,000"
401. Michael McCarron,Nashville Predators,,RFA,22,"RW, C",,0,0,0,0,0,,-,-,-,-,-,,$0,"$925,000"
402. Hunter Shinkaruk,Edmonton Oilers,,RFA,22,C,,0,0,0,0,0,,-,-,-,-,-,,$0,"$925,000"
403. Scott Mayfield,St. Louis Blues,,RFA,24,D,,5,0,0,0,0,,-,-,-,-,-,,"$925,000","$925,000"
404. Kevin Czuczman,Pittsburgh Penguins,,UFA,26,D,,13,0,2,2,0,,-,-,-,-,-,,"$925,000","$925,000"
405. Ryan Pulock,New York Islanders,,RFA,22,D,,0,0,0,0,0,,-,-,-,-,-,,$0,"$925,000"
406. Anthony Mantha,Minnesota Wild,,RFA,22,RW,,0,0,0,0,0,,-,-,-,-,-,,$0,"$925,000"
407. Christian Folin,St. Louis Blues,,UFA,26,D,,1,0,1,1,0,,-,-,-,-,-,,"$925,000","$925,000"
408. Shea Theodore,Anaheim Ducks,,RFA,21,D,,0,0,0,0,0,,-,-,-,-,-,,$0,"$925,000"
409. Joshua Morrissey,New York Rangers,,RFA,22,D,,0,0,0,0,0,,-,-,-,-,-,,$0,"$925,000"
410. Samuel Morin,Winnipeg Jets,,RFA,22,D,,0,0,0,0,0,,-,-,-,-,-,,$0,"$925,000"
411. Mirco Mueller,New Jersey Devils,,RFA,22,D,,0,0,0,0,0,,-,-,-,-,-,,$0,"$925,000"
412. Morgan Klimchuk,Los Angeles Kings,,RFA,22,LW,,0,0,0,0,0,,-,-,-,-,-,,$0,"$925,000"
413. Bo Horvat,Montreal Canadiens,,RFA,22,C,,0,0,0,0,0,,-,-,-,-,-,,$0,"$925,000"
414. Frederik Gauthier,Dallas Stars,,RFA,22,C,,0,0,0,0,0,,-,-,-,-,-,,$0,"$925,000"
415. Torey Krug,Chicago Blackhawks,,UFA,26,D,,79,14,26,40,0,,-,-,-,-,-,,"$925,000","$916,667"
416. Mitchell Moroz,Minnesota Wild,,UFA,23,LW,,0,0,0,0,0,,-,-,-,-,-,,$0,"$905,833"
417. Jujhar Khaira,Edmonton Oilers,,RFA,22,LW,,0,0,0,0,0,,-,-,-,-,-,,$0,"$905,833"
418. Chris Bigras,Montreal Canadiens,,RFA,22,D,,0,0,0,0,0,,-,-,-,-,-,,$0,"$905,000"
419. Chris Wagner,Colorado Avalanche,,UFA,26,C,,0,0,0,0,0,,-,-,-,-,-,,"$900,000","$900,000"
420. Tim Erixon,Minnesota Wild,,UFA,26,D,,2,0,0,0,0,,-,-,-,-,-,,"$900,000","$900,000"
421. Beau Bennett,Arizona Coyotes,,RFA,25,"RW, LW",,21,3,4,7,0,,-,-,-,-,-,,"$900,000","$900,000"
422. Evgeny Kuznetsov,Anaheim Ducks,,UFA,25,"C, LW",,17,3,6,9,0,,-,-,-,-,-,,"$900,000","$900,000"
423. Jay Beagle,Boston Bruins,,UFA,31,RW,,62,4,5,9,0,,-,-,-,-,-,,"$1,000,000","$900,000"
424. Erik Gudbranson,Carolina Hurricanes,,UFA,25,D,,65,3,6,9,0,,-,-,-,-,-,,"$900,000","$900,000"
425. Nick Bjugstad,Vegas Golden Knights,,UFA,25,C,,76,16,22,38,0,,-,-,-,-,-,,"$900,000","$900,000"
426. Corban Knight,Carolina Hurricanes,,UFA,26,C,,7,1,0,1,0,,-,-,-,-,-,,"$900,000","$900,000"
427. Vladimir Tarasenko,Arizona Coyotes,,UFA,25,RW,,64,21,22,43,0,,-,-,-,-,-,,"$900,000","$900,000"
428. Matt Read,Nashville Predators,,UFA,31,"RW, LW",,75,22,18,40,0,,-,-,-,-,-,,"$1,000,000","$900,000"
429. Mattias Ekholm,Carolina Hurricanes,,UFA,27,D,,62,1,8,9,0,,-,-,-,-,-,,"$900,000","$900,000"
430. Reilly Smith,Vegas Golden Knights,,UFA,26,"RW, LW",,82,20,31,51,0,,-,-,-,-,-,,"$900,000","$900,000"
431. Brett Connolly,New Jersey Devils,,UFA,25,"RW, LW",,11,1,0,1,0,,-,-,-,-,-,,"$900,000","$900,000"
432. Andre Benoit,Pittsburgh Penguins,,UFA,33,D,,79,7,21,28,0,,-,-,-,-,-,,"$900,000","$900,000"
433. Anders Lee,Vegas Golden Knights,,UFA,27,"C, LW",,22,9,5,14,0,,-,-,-,-,-,,"$900,000","$900,000"
434. Brock Nelson,St. Louis Blues,,RFA,25,"C, LW",,72,14,12,26,0,,-,-,-,-,-,,"$900,000","$900,000"
435. Erik Haula,Winnipeg Jets,,UFA,26,"C, LW",,46,6,9,15,0,,-,-,-,-,-,,"$900,000","$900,000"
436. Mikael Granlund,Minnesota Wild,,RFA,25,C,,63,8,33,41,0,,-,-,-,-,-,,"$900,000","$900,000"
437. Charlie Coyle,Pittsburgh Penguins,,UFA,25,"C, RW",,70,12,18,30,0,,-,-,-,-,-,,"$900,000","$900,000"
438. Mark Pysyk,Winnipeg Jets,,UFA,25,D,,44,1,6,7,0,,-,-,-,-,-,,"$900,000","$900,000"
439. Austin Watson,Toronto Maple Leafs,,UFA,25,LW,,0,0,0,0,0,,-,-,-,-,-,,"$900,000","$900,000"
440. Joe Cannata,Dallas Stars,,UFA,27,G,,0,-,-,-,-,-,0,0,0,0.00,.000,,"$900,000","$900,000"
441. Anders Nilsson,Vegas Golden Knights,,UFA,27,G,,19,-,-,-,-,-,0,0,0,0.00,.000,,"$900,000","$900,000"
442. Rickard Rakell,Philadelphia Flyers,,UFA,24,C,,18,0,4,4,0,,-,-,-,-,-,,"$925,000","$894,167"
443. Hampus Lindholm,Dallas Stars,,UFA,23,D,,78,6,24,30,0,,-,-,-,-,-,,"$925,000","$894,167"
444. Mika Zibanejad,New York Rangers,,UFA,24,"C, RW",,69,16,17,33,0,,-,-,-,-,-,,"$925,000","$894,167"
445. Cody Ceci,Arizona Coyotes,,RFA,23,D,,49,3,6,9,0,,-,-,-,-,-,,"$925,000","$894,167"
446. Sven Baertschi,New York Rangers,,RFA,24,LW,,26,2,9,11,0,,-,-,-,-,-,,"$925,000","$894,167"
447. Morgan Rielly,Nashville Predators,,UFA,23,D,,73,2,25,27,0,,-,-,-,-,-,,"$925,000","$894,167"
448. Jacob Trouba,St. Louis Blues,,RFA,23,D,,65,10,19,29,0,,-,-,-,-,-,,"$925,000","$894,167"
449. Olli Määttä,Boston Bruins,,UFA,22,D,,78,9,20,29,0,,-,-,-,-,-,,"$925,000","$894,167"
450. Derrick Pouliot,Florida Panthers,,RFA,23,D,,0,0,0,0,0,,-,-,-,-,-,,$0,"$894,167"
451. Joel Armia,New York Islanders,,RFA,24,RW,,0,0,0,0,0,,-,-,-,-,-,,"$925,000","$894,167"
452. Oscar Klefbom,Toronto Maple Leafs,,UFA,24,D,,17,1,2,3,0,,-,-,-,-,-,,"$925,000","$894,167"
453. David Musil,Philadelphia Flyers,,UFA,24,D,,0,0,0,0,0,,-,-,-,-,-,,"$925,000","$894,167"
454. Radek Faksa,Vegas Golden Knights,,RFA,23,C,,0,0,0,0,0,,-,-,-,-,-,,$0,"$894,167"
455. Jamie Oleksiak,Detroit Red Wings,,RFA,24,D,,7,0,0,0,0,,-,-,-,-,-,,"$925,000","$894,167"
456. J.T. Miller,Vancouver Canucks,,RFA,24,"C, RW",,30,3,3,6,0,,-,-,-,-,-,,"$925,000","$894,167"
457. Tyler Biggs,Washington Capitals,,UFA,24,RW,,0,0,0,0,0,,-,-,-,-,-,,"$925,000","$894,167"
458. Ryan Murray,Anaheim Ducks,,RFA,23,D,,66,4,17,21,0,,-,-,-,-,-,,"$925,000","$894,167"
459. Tom Wilson,Boston Bruins,,RFA,23,RW,,82,3,7,10,0,,-,-,-,-,-,,"$925,000","$894,167"
460. Jonathan Huberdeau,Anaheim Ducks,,UFA,24,"LW, C",,69,9,19,28,0,,-,-,-,-,-,,"$925,000","$894,167"
461. Scott Laughton,Detroit Red Wings,,RFA,23,C,,0,0,0,0,0,,-,-,-,-,-,,$0,"$894,167"
462. Filip Forsberg,Philadelphia Flyers,,UFA,22,"C, RW",,13,1,4,5,0,,-,-,-,-,-,,"$925,000","$894,167"
463. Zemgus Girgensons,Philadelphia Flyers,,RFA,23,"C, LW",,70,8,14,22,0,,-,-,-,-,-,,"$925,000","$894,167"
464. Matt Dumba,Nashville Predators,,RFA,23,D,,13,1,1,2,0,,-,-,-,-,-,,"$925,000","$894,167"
465. Brendan Gaunce,Columbus Blue Jackets,,RFA,23,"C, LW",,0,0,0,0,0,,-,-,-,-,-,,$0,"$894,167"
466. Griffin Reinhart,Los Angeles Kings,,RFA,23,D,,0,0,0,0,0,,-,-,-,-,-,,$0,"$894,167"
467. Malcolm Subban,Montreal Canadiens,,RFA,23,G,,0,-,-,-,-,-,0,0,0,0.00,.000,,$0,"$894,167"
468. Tyler Pitlick,Chicago Blackhawks,,UFA,25,RW,,10,1,0,1,0,,-,-,-,-,-,,"$900,000","$888,333"
469. Bill Arnold,Colorado Avalanche,,UFA,25,C,,1,0,0,0,0,,-,-,-,-,-,,"$900,000","$887,500"
470. Shane Prince,New Jersey Devils,,RFA,24,LW,,0,0,0,0,0,,-,-,-,-,-,,"$900,000","$876,667"
471. Jake Gardiner,New York Islanders,,UFA,27,D,,80,10,21,31,0,,-,-,-,-,-,,"$875,000","$875,000"
472. Alex Killorn,Tampa Bay Lightning,,UFA,27,"C, LW",,82,17,24,41,0,,-,-,-,-,-,,"$875,000","$875,000"
473. J.T. Brown,St. Louis Blues,,UFA,27,RW,,63,4,15,19,0,,-,-,-,-,-,,"$874,125","$874,125"
474. Cory Conacher,Edmonton Oilers,,UFA,27,LW,,79,7,19,26,0,,-,-,-,-,-,,"$925,000","$871,250"
475. Emerson Etem,Minnesota Wild,,RFA,25,"LW, RW",,29,7,4,11,0,,-,-,-,-,-,,"$900,000","$870,000"
476. Robin Lehner,Vancouver Canucks,,RFA,26,G,,36,-,-,-,-,-,0,0,0,0.00,.000,,"$810,000","$870,000"
477. Peter Holland,Detroit Red Wings,,UFA,26,C,,43,6,5,11,0,,-,-,-,-,-,,"$810,000","$870,000"
478. Scott Glennie,Chicago Blackhawks,,UFA,26,RW,,0,0,0,0,0,,-,-,-,-,-,,"$810,000","$870,000"
479. Philippe Paradis,Dallas Stars,,UFA,26,C,,0,0,0,0,0,,-,-,-,-,-,,"$810,000","$870,000"
480. Ryan Johansen,Buffalo Sabres,,RFA,24,"C, RW",,82,33,30,63,0,,-,-,-,-,-,,"$810,000","$870,000"
481. Quinton Howden,Boston Bruins,,UFA,25,"C, LW",,16,4,2,6,0,,-,-,-,-,-,,"$900,000","$870,000"
482. Zack Kassian,Colorado Avalanche,,UFA,26,RW,,73,14,15,29,0,,-,-,-,-,-,,"$810,000","$870,000"
483. Brayden Schenn,Buffalo Sabres,,UFA,25,"C, LW",,82,20,21,41,0,,-,-,-,-,-,,"$810,000","$870,000"
484. Jarred Tinordi,Tampa Bay Lightning,,RFA,25,D,,22,0,2,2,0,,-,-,-,-,-,,"$900,000","$870,000"
485. Calvin De Haan,Anaheim Ducks,,RFA,26,D,,51,3,13,16,0,,-,-,-,-,-,,"$810,000","$870,000"
486. Nino Niederreiter,Anaheim Ducks,,RFA,24,RW,,81,14,22,36,0,,-,-,-,-,-,,"$810,000","$870,000"
487. Alex Chiasson,New York Islanders,,UFA,26,RW,,79,13,22,35,0,,-,-,-,-,-,,"$900,000","$866,667"
488. Chris Thorburn,Pittsburgh Penguins,,UFA,34,"RW, LW",,55,2,9,11,0,,-,-,-,-,-,,"$900,000","$866,667"
489. Mike Halmo,Calgary Flames,,UFA,26,LW,,20,1,0,1,0,,-,-,-,-,-,,"$925,000","$864,167"
490. Jakob Silfverberg,Arizona Coyotes,,UFA,26,"RW, LW",,52,10,13,23,0,,-,-,-,-,-,,"$900,000","$863,333"
491. Matt Puempel,Philadelphia Flyers,,RFA,24,LW,,0,0,0,0,0,,-,-,-,-,-,,"$925,000","$863,333"
492. Mark Scheifele,Washington Capitals,,UFA,24,C,,63,13,21,34,0,,-,-,-,-,-,,"$925,000","$863,333"
493. Stuart Percy,San Jose Sharks,,UFA,24,D,,0,0,0,0,0,,-,-,-,-,-,,"$925,000","$863,333"
494. Stefan Noesen,St. Louis Blues,,RFA,24,RW,,0,0,0,0,0,,-,-,-,-,-,,"$925,000","$863,333"
495. Derek Forbort,San Jose Sharks,,RFA,25,D,,0,0,0,0,0,,-,-,-,-,-,,"$790,000","$863,333"
496. Phillip Danault,Arizona Coyotes,,RFA,24,C,,0,0,0,0,0,,-,-,-,-,-,,"$925,000","$863,333"
497. Mark McNeill,Vegas Golden Knights,,RFA,24,"RW, C",,0,0,0,0,0,,-,-,-,-,-,,"$925,000","$863,333"
498. Connor Murphy,Chicago Blackhawks,,UFA,24,D,,30,1,7,8,0,,-,-,-,-,-,,"$925,000","$863,333"
499. Ryan Murphy,Los Angeles Kings,,RFA,24,D,,48,2,10,12,0,,-,-,-,-,-,,"$925,000","$863,333"
500. Ryan Strome,Edmonton Oilers,,RFA,24,"C, RW",,37,7,11,18,0,,-,-,-,-,-,,"$925,000","$863,333"
501. Joe Morrow,Los Angeles Kings,,RFA,24,D,,0,0,0,0,0,,-,-,-,-,-,,"$925,000","$863,333"
502. Duncan Siemens,Edmonton Oilers,,RFA,23,D,,0,0,0,0,0,,-,-,-,-,-,,"$925,000","$863,333"
503. Niklas Svedberg,Toronto Maple Leafs,,UFA,27,G,,1,-,-,-,-,-,0,0,0,0.00,.000,,"$925,000","$858,750"
504. Taylor Peters,Buffalo Sabres,,UFA,25,C,,0,0,0,0,0,,-,-,-,-,-,,"$792,500","$853,333"
505. Tobias Rieder,Detroit Red Wings,,RFA,24,"RW, LW",,0,0,0,0,0,,-,-,-,-,-,,"$792,500","$853,333"
506. Reto Berra,Los Angeles Kings,,UFA,30,G,,31,-,-,-,-,-,0,0,0,0.00,.000,,"$850,000","$850,000"
507. Kenny Agostino,Washington Capitals,,RFA,25,LW,,8,1,1,2,0,,-,-,-,-,-,,"$900,000","$845,000"
508. Andrew Miller,Ottawa Senators,,UFA,28,C,,0,0,0,0,0,,-,-,-,-,-,,"$842,500","$842,500"
509. Stefan Matteau,Toronto Maple Leafs,,RFA,23,LW,,0,0,0,0,0,,-,-,-,-,-,,"$842,500","$842,500"
510. Brock McGinn,Los Angeles Kings,,RFA,23,LW,,0,0,0,0,0,,-,-,-,-,-,,$0,"$842,500"
511. Nick Cousins,Vegas Golden Knights,,RFA,24,"C, LW",,0,0,0,0,0,,-,-,-,-,-,,"$792,500","$842,500"
512. Simon Despres,Colorado Avalanche,,UFA,26,D,,34,0,5,5,0,,-,-,-,-,-,,"$810,000","$840,000"
513. Brandon Gormley,Montreal Canadiens,,UFA,25,D,,5,0,0,0,0,,-,-,-,-,-,,"$810,000","$840,000"
514. Ryan Ellis,Nashville Predators,,UFA,26,D,,80,6,21,27,0,,-,-,-,-,-,,"$810,000","$840,000"
515. Justin Faulk,Dallas Stars,,UFA,25,D,,76,5,27,32,0,,-,-,-,-,-,,"$890,000","$840,000"
516. Jon Merrill,Boston Bruins,,RFA,25,D,,52,2,9,11,0,,-,-,-,-,-,,"$840,000","$840,000"
517. John Moore,Tampa Bay Lightning,,UFA,26,D,,74,4,11,15,0,,-,-,-,-,-,,"$810,000","$840,000"
518. Brian Dumoulin,Columbus Blue Jackets,,UFA,25,D,,6,0,1,1,0,,-,-,-,-,-,,"$815,000","$831,667"
519. William Karlsson,Columbus Blue Jackets,,RFA,24,C,,0,0,0,0,0,,-,-,-,-,-,,"$642,500","$830,833"
520. Jaden Schwartz,Chicago Blackhawks,,UFA,25,LW,,80,25,31,56,0,,-,-,-,-,-,,"$900,000","$830,000"
521. Adam Lowry,Columbus Blue Jackets,,RFA,24,"LW, C",,0,0,0,0,0,,-,-,-,-,-,,"$742,500","$828,333"
522. Cody Goloubef,Vancouver Canucks,,UFA,27,D,,5,0,0,0,0,,-,-,-,-,-,,"$826,875","$826,875"
523. Marcus Foligno,Detroit Red Wings,,RFA,25,LW,,74,7,12,19,0,,-,-,-,-,-,,"$900,000","$826,667"
524. Ian Cole,Detroit Red Wings,,UFA,28,D,,46,3,8,11,0,,-,-,-,-,-,,"$750,000","$825,000"
525. Nate Prosser,Nashville Predators,,UFA,31,D,,53,2,6,8,0,,-,-,-,-,-,,"$850,000","$825,000"
526. Stephane Da Costa,Montreal Canadiens,,UFA,28,"C, RW",,0,0,0,0,0,,-,-,-,-,-,,"$825,000","$825,000"
527. Nicolas Petan,Los Angeles Kings,,RFA,22,C,,0,0,0,0,0,,-,-,-,-,-,,$0,"$820,000"
528. Colin Greening,Carolina Hurricanes,M-NTC,UFA,31,LW,,76,6,11,17,0,,-,-,-,-,-,,"$950,000","$816,667"
529. Brett Ritchie,Vegas Golden Knights,,RFA,24,RW,,0,0,0,0,0,,-,-,-,-,-,,"$792,500","$814,167"
530. Calvin Pickard,Winnipeg Jets,,RFA,25,G,,0,-,-,-,-,-,0,0,0,0.00,.000,,"$840,000","$813,333"
531. Christian Thomas,Vancouver Canucks,,UFA,25,"LW, RW",,2,0,0,0,0,,-,-,-,-,-,,"$900,000","$808,333"
532. Taylor Leier,Carolina Hurricanes,,RFA,23,LW,,0,0,0,0,0,,-,-,-,-,-,,$0,"$808,067"
533. Ludwig Bystrom,Columbus Blue Jackets,,RFA,23,D,,0,0,0,0,0,,-,-,-,-,-,,$0,"$805,833"
534. Jesper Fast,Washington Capitals,,UFA,25,"RW, LW",,11,0,0,0,0,,-,-,-,-,-,,"$900,000","$805,000"
535. Anthony Duclair,Montreal Canadiens,,RFA,21,"LW, RW",,0,0,0,0,0,,-,-,-,-,-,,$0,"$803,333"
536. Chris Kreider,Minnesota Wild,,UFA,26,LW,,66,17,20,37,0,,-,-,-,-,-,,"$900,000","$800,000"
537. Petter Granberg,Vegas Golden Knights,,RFA,24,D,,1,0,0,0,0,,-,-,-,-,-,,"$800,000","$800,000"
538. Jake Allen,Arizona Coyotes,,UFA,26,G,,0,-,-,-,-,-,0,0,0,0.00,.000,,"$750,000","$800,000"
539. Anton Khudobin,Pittsburgh Penguins,,UFA,31,G,,36,-,-,-,-,-,0,0,0,0.00,.000,,"$800,000","$800,000"
540. Peter Harrold,Carolina Hurricanes,,UFA,34,"D, RW",,33,0,4,4,0,,-,-,-,-,-,,"$800,000","$800,000"
541. Alex Petrovic,Ottawa Senators,,RFA,25,D,,7,0,1,1,0,,-,-,-,-,-,,"$815,000","$795,000"
542. Casey Cizikas,New York Rangers,,UFA,26,C,,80,6,10,16,0,,-,-,-,-,-,,"$900,000","$793,333"
543. Josh Leivo,Vegas Golden Knights,,RFA,24,LW,,7,1,1,2,0,,-,-,-,-,-,,"$692,500","$792,500"
544. Michael Raffl,Buffalo Sabres,,UFA,28,"LW, C",,68,9,13,22,0,,-,-,-,-,-,,"$792,500","$792,500"
545. Chris Casto,New York Islanders,,RFA,25,D,,0,0,0,0,0,,-,-,-,-,-,,"$742,500","$792,500"
546. Jared Coreau,Detroit Red Wings,,RFA,25,G,,0,-,-,-,-,-,0,0,0,0.00,.000,,"$742,500","$792,500"
547. Andrey Pedan,Philadelphia Flyers,,RFA,24,D,,0,0,0,0,0,,-,-,-,-,-,,"$792,500","$792,500"
548. Aaron Ness,Anaheim Ducks,,UFA,27,D,,20,1,2,3,0,,-,-,-,-,-,,"$875,000","$791,667"
549. Korbinian Holzer,Detroit Red Wings,,UFA,29,D,,0,0,0,0,0,,-,-,-,-,-,,"$725,000","$787,500"
550. Tommy Cross,Toronto Maple Leafs,,UFA,27,D,,0,0,0,0,0,,-,-,-,-,-,,"$837,500","$787,500"
551. Anthony Camara,Detroit Red Wings,,UFA,23,LW,,0,0,0,0,0,,-,-,-,-,-,,"$767,500","$786,667"
552. Sami Vatanen,New Jersey Devils,,UFA,26,D,,48,6,15,21,0,,-,-,-,-,-,,"$900,000","$785,000"
553. Riley Sheahan,Toronto Maple Leafs,,RFA,25,C,,42,9,15,24,0,,-,-,-,-,-,,"$740,000","$785,000"
554. Anthony Stolarz,Pittsburgh Penguins,,RFA,23,G,,0,-,-,-,-,-,0,0,0,0.00,.000,,$0,"$784,167"
555. Mark Alt,Dallas Stars,,RFA,25,D,,0,0,0,0,0,,-,-,-,-,-,,"$740,000","$781,667"
556. Miikka Salomaki,Florida Panthers,,RFA,24,RW,,0,0,0,0,0,,-,-,-,-,-,,"$692,500","$780,833"
557. Boone Jenner,Ottawa Senators,,RFA,24,"C, LW",,72,16,13,29,0,,-,-,-,-,-,,"$767,500","$778,333"
558. Darcy Kuemper,Pittsburgh Penguins,,UFA,27,G,,26,-,-,-,-,-,0,0,0,0.00,.000,,"$900,000","$776,667"
559. Zachary Fucale,Tampa Bay Lightning,,RFA,22,G,,0,-,-,-,-,-,0,0,0,0.00,.000,,$0,"$775,833"
560. Tommy Wingels,Edmonton Oilers,,UFA,29,"RW, LW",,77,16,22,38,0,,-,-,-,-,-,,"$850,000","$775,000"
561. Gabriel Bourque,Arizona Coyotes,,UFA,26,"LW, RW",,74,9,17,26,0,,-,-,-,-,-,,"$725,000","$775,000"
562. Brian Strait,Chicago Blackhawks,,UFA,29,D,,47,3,6,9,0,,-,-,-,-,-,,"$625,000","$775,000"
563. Ryan Carter,Pittsburgh Penguins,,UFA,33,"C, LW",,62,7,3,10,0,,-,-,-,-,-,,"$800,000","$775,000"
564. Steve Bernier,Pittsburgh Penguins,,UFA,32,RW,,78,3,9,12,0,,-,-,-,-,-,,"$775,000","$775,000"
565. Tye McGinn,Detroit Red Wings,,RFA,26,LW,,18,4,1,5,0,,-,-,-,-,-,,"$775,000","$775,000"
566. Dmitrij Jaskin,Vancouver Canucks,,RFA,24,"RW, LW",,18,1,1,2,0,,-,-,-,-,-,,"$742,500","$772,500"
567. Ty Rattie,Columbus Blue Jackets,,RFA,24,RW,,2,0,0,0,0,,-,-,-,-,-,,"$742,500","$772,500"
568. Jason Zucker,New York Islanders,,RFA,25,"LW, RW",,21,4,1,5,0,,-,-,-,-,-,,"$900,000","$771,667"
569. Markus Granlund,Nashville Predators,,RFA,24,C,,7,2,1,3,0,,-,-,-,-,-,,"$742,500","$767,500"
570. Nick Jensen,Calgary Flames,,UFA,26,D,,0,0,0,0,0,,-,-,-,-,-,,"$690,000","$765,000"
571. Brandon Saad,Montreal Canadiens,,UFA,24,"LW, RW",,78,19,28,47,0,,-,-,-,-,-,,"$842,500","$764,167"
572. Patrik Nemeth,Montreal Canadiens,,RFA,25,D,,8,0,0,0,0,,-,-,-,-,-,,"$790,000","$763,333"
573. Johan Larsson,New Jersey Devils,,RFA,25,LW,,28,0,4,4,0,,-,-,-,-,-,,"$790,000","$763,333"
574. Dalton Smith,Colorado Avalanche,,UFA,25,LW,,0,0,0,0,0,,-,-,-,-,-,,"$790,000","$762,500"
575. Ryan Spooner,Dallas Stars,,RFA,25,"C, LW",,23,0,11,11,0,,-,-,-,-,-,,"$815,000","$760,000"
576. Matt Nieto,Winnipeg Jets,,RFA,24,"LW, RW",,66,10,14,24,0,,-,-,-,-,-,,"$692,500","$759,167"
577. Seth Griffith,Montreal Canadiens,,RFA,24,"RW, C",,0,0,0,0,0,,-,-,-,-,-,,"$742,500","$759,167"
578. Tyler Johnson,Columbus Blue Jackets,,UFA,26,C,,82,24,26,50,0,,-,-,-,-,-,,"$840,000","$756,667"
579. Danny Biega,Calgary Flames,,UFA,25,D,,0,0,0,0,0,,-,-,-,-,-,,"$705,000","$755,000"
580. Daniel Altshuller,Florida Panthers,,UFA,23,G,,0,-,-,-,-,-,0,0,0,0.00,.000,,$0,"$755,000"
581. Scott Sabourin,San Jose Sharks,,RFA,24,RW,,0,0,0,0,0,,-,-,-,-,-,,"$642,500","$753,333"
582. John Gibson,Dallas Stars,,RFA,24,G,,3,-,-,-,-,-,0,0,0,0.00,.000,,"$682,500","$752,500"
583. Joseph Cramarossa,Philadelphia Flyers,,UFA,24,C,,0,0,0,0,0,,-,-,-,-,-,,"$712,500","$752,500"
584. Scott Kosmachuk,Toronto Maple Leafs,,UFA,23,RW,,0,0,0,0,0,,-,-,-,-,-,,$0,"$750,833"
585. Andrew Desjardins,St. Louis Blues,,UFA,31,C,,81,3,14,17,0,,-,-,-,-,-,,"$750,000","$750,000"
586. Thomas Greiss,Calgary Flames,,UFA,31,G,,25,-,-,-,-,-,0,0,0,0.00,.000,,"$750,000","$750,000"
587. Tom Sestito,Nashville Predators,,UFA,29,LW,,77,5,4,9,0,,-,-,-,-,-,,"$650,000","$750,000"
588. Eddie Lack,Tampa Bay Lightning,,UFA,29,G,,41,-,-,-,-,-,0,0,0,0.00,.000,,"$850,000","$750,000"
589. Zac Rinaldo,San Jose Sharks,,UFA,27,"C, LW, RW",,67,2,2,4,0,,-,-,-,-,-,,"$750,000","$750,000"
590. Dale Weise,Colorado Avalanche,,UFA,28,RW,,61,6,10,16,0,,-,-,-,-,-,,"$750,000","$750,000"
591. Tyler Graovac,Anaheim Ducks,,RFA,24,C,,0,0,0,0,0,,-,-,-,-,-,,"$692,500","$747,500"
592. Brenden Dillon,Detroit Red Wings,,UFA,26,D,,80,6,11,17,0,,-,-,-,-,-,,"$900,000","$743,333"
593. Joel Edmundson,New Jersey Devils,,RFA,24,D,,0,0,0,0,0,,-,-,-,-,-,,"$642,500","$742,500"
594. Chris Tierney,Detroit Red Wings,,RFA,23,C,,0,0,0,0,0,,-,-,-,-,-,,$0,"$742,500"
595. Adam Clendening,Nashville Predators,,RFA,24,D,,0,0,0,0,0,,-,-,-,-,-,,"$792,500","$742,500"
596. William Carrier,Calgary Flames,,RFA,22,LW,,0,0,0,0,0,,-,-,-,-,-,,$0,"$740,833"
597. Richard Panik,Vancouver Canucks,,UFA,26,RW,,50,3,10,13,0,,-,-,-,-,-,,"$790,000","$740,000"
598. Jack Campbell,Winnipeg Jets,,RFA,25,G,,1,-,-,-,-,-,0,0,0,0.00,.000,,"$710,000","$740,000"
599. Dylan Olsen,Nashville Predators,,UFA,26,D,,44,3,9,12,0,,-,-,-,-,-,,"$810,000","$738,333"
600. Keegan Lowe,Minnesota Wild,,RFA,24,D,,0,0,0,0,0,,-,-,-,-,-,,"$690,000","$738,333"
601. Mike Brown,Minnesota Wild,,UFA,32,RW,,56,2,3,5,0,,-,-,-,-,-,,"$725,000","$736,667"
602. Tanner Pearson,San Jose Sharks,,UFA,24,LW,,25,3,4,7,0,,-,-,-,-,-,,"$727,500","$735,833"
603. Keaton Ellerby,Ottawa Senators,,UFA,28,D,,51,2,4,6,0,,-,-,-,-,-,,"$735,000","$735,000"
604. Jeremy Morin,Carolina Hurricanes,,UFA,26,"LW, RW",,24,5,6,11,0,,-,-,-,-,-,,"$725,000","$735,000"
605. Brad Malone,Carolina Hurricanes,,UFA,28,"C, LW",,32,3,2,5,0,,-,-,-,-,-,,"$735,000","$735,000"
606. Martin Marincin,Chicago Blackhawks,,RFA,25,D,,44,0,6,6,0,,-,-,-,-,-,,"$690,000","$730,000"
607. Jacob Josefson,Detroit Red Wings,,UFA,26,"C, LW",,27,1,2,3,0,,-,-,-,-,-,,"$725,000","$725,000"
608. Brendan Woods,Winnipeg Jets,,UFA,25,LW,,0,0,0,0,0,,-,-,-,-,-,,"$675,000","$725,000"
609. Brian Lashoff,Ottawa Senators,,UFA,27,D,,75,1,5,6,0,,-,-,-,-,-,,"$650,000","$725,000"
610. Andrei Loktionov,Nashville Predators,,RFA,27,C,,68,7,15,22,0,,-,-,-,-,-,,"$725,000","$725,000"
611. Devante Smith-Pelly,Carolina Hurricanes,,RFA,25,"RW, LW",,19,2,8,10,0,,-,-,-,-,-,,"$690,000","$720,000"
612. Andrew Hammond,Montreal Canadiens,,UFA,29,G,,1,-,-,-,-,-,0,0,0,0.00,.000,,"$720,000","$720,000"
613. Connor Brown,Boston Bruins,,RFA,23,RW,,0,0,0,0,0,,-,-,-,-,-,,$0,"$717,500"
614. Tyler Toffoli,Ottawa Senators,,UFA,25,"RW, LW",,62,12,17,29,0,,-,-,-,-,-,,"$765,000","$716,667"
615. Troy Donnay,Columbus Blue Jackets,,UFA,23,D,,0,0,0,0,0,,-,-,-,-,-,,$0,"$716,667"
616. Brayden McNabb,Carolina Hurricanes,,UFA,26,D,,12,0,0,0,0,,-,-,-,-,-,,"$840,000","$715,000"
617. Tyson Barrie,Florida Panthers,,UFA,26,D,,64,13,25,38,0,,-,-,-,-,-,,"$840,000","$715,000"
618. Zach Redmond,Dallas Stars,,UFA,29,D,,10,1,2,3,0,,-,-,-,-,-,,"$715,000","$715,000"
619. Calle Jarnkrok,Calgary Flames,,UFA,25,C,,12,2,7,9,0,,-,-,-,-,-,,"$740,000","$715,000"
620. Matt Hackett,New York Rangers,,UFA,27,G,,8,-,-,-,-,-,0,0,0,0.00,.000,,"$715,000","$715,000"
621. John Klingberg,Philadelphia Flyers,,UFA,24,D,,0,0,0,0,0,,-,-,-,-,-,,"$765,000","$713,333"
622. Travis Ewanyk,Nashville Predators,,UFA,24,C,,0,0,0,0,0,,-,-,-,-,-,,"$670,000","$713,333"
623. Paul Postma,New York Islanders,,UFA,28,D,,20,1,2,3,0,,-,-,-,-,-,,"$650,000","$712,500"
624. Nikita Kucherov,Buffalo Sabres,,RFA,24,RW,,52,9,9,18,0,,-,-,-,-,-,,"$692,500","$711,667"
625. David Savard,Carolina Hurricanes,,UFA,26,D,,70,5,10,15,0,,-,-,-,-,-,,"$709,275","$709,275"
626. Josh Anderson,Colorado Avalanche,,RFA,23,RW,,0,0,0,0,0,,-,-,-,-,-,,$0,"$709,167"
627. Tomas Jurco,Anaheim Ducks,,RFA,24,"RW, LW",,36,8,7,15,0,,-,-,-,-,-,,"$717,500","$709,167"
628. Oliver Bjorkstrand,Ottawa Senators,,RFA,22,RW,,0,0,0,0,0,,-,-,-,-,-,,$0,"$709,167"
629. Michael Chaput,Vegas Golden Knights,,RFA,25,C,,17,0,1,1,0,,-,-,-,-,-,,"$690,000","$706,667"
630. Dylan McIlrath,Vancouver Canucks,,UFA,25,D,,2,0,0,0,0,,-,-,-,-,-,,"$650,000","$703,333"
631. Zach Nastasiuk,Montreal Canadiens,,RFA,22,RW,,0,0,0,0,0,,-,-,-,-,-,,$0,"$700,833"
632. Nick Bonino,Philadelphia Flyers,,UFA,29,C,,77,22,27,49,0,,-,-,-,-,-,,"$700,000","$700,000"
633. Jordie Benn,St. Louis Blues,,UFA,30,D,,78,3,17,20,0,,-,-,-,-,-,,"$600,000","$700,000"
634. Jordan Nolan,Buffalo Sabres,,UFA,28,"C, LW, RW",,64,6,4,10,0,,-,-,-,-,-,,"$700,000","$700,000"
635. Ryan White,Winnipeg Jets,,UFA,29,C,,52,2,4,6,0,,-,-,-,-,-,,"$700,000","$700,000"
636. Jack Hillen,Florida Panthers,,UFA,31,D,,13,0,1,1,0,,-,-,-,-,-,,"$700,000","$700,000"
637. Trevor Carrick,Washington Capitals,,RFA,23,D,,0,0,0,0,0,,-,-,-,-,-,,$0,"$700,000"
638. Teemu Pulkkinen,Colorado Avalanche,,RFA,25,LW,,3,0,0,0,0,,-,-,-,-,-,,"$690,000","$698,333"
639. Eric Comrie,Toronto Maple Leafs,,RFA,22,G,,0,-,-,-,-,-,0,0,0,0.00,.000,,$0,"$698,333"
640. Sena Acolatse,Toronto Maple Leafs,,UFA,26,D,,0,0,0,0,0,,-,-,-,-,-,,"$840,000","$696,667"
641. Reid Boucher,Nashville Predators,,RFA,23,LW,,23,2,5,7,0,,-,-,-,-,-,,"$642,500","$692,500"
642. Raman Hrabarenka,Pittsburgh Penguins,,UFA,24,D,,0,0,0,0,0,,-,-,-,-,-,,"$642,500","$692,500"
643. Keegan Kanzig,Dallas Stars,,RFA,22,D,,0,0,0,0,0,,-,-,-,-,-,,$0,"$692,500"
644. John Ramage,New York Rangers,,UFA,26,D,,0,0,0,0,0,,-,-,-,-,-,,"$690,000","$690,000"
645. Justin Florek,Columbus Blue Jackets,,UFA,26,LW,,4,1,1,2,0,,-,-,-,-,-,,"$690,000","$690,000"
646. Dmitry Orlov,Florida Panthers,,UFA,26,D,,54,3,8,11,0,,-,-,-,-,-,,"$740,000","$690,000"
647. Ryan Martindale,Vancouver Canucks,,UFA,25,C,,0,0,0,0,0,,-,-,-,-,-,,"$740,000","$690,000"
648. Brendan Gallagher,Ottawa Senators,,UFA,25,RW,,81,19,22,41,0,,-,-,-,-,-,,"$715,000","$685,000"
649. Landon Ferraro,Ottawa Senators,,UFA,25,"C, RW",,4,0,0,0,0,,-,-,-,-,-,,"$675,000","$685,000"
650. Brendan Leipsic,Florida Panthers,,RFA,23,LW,,0,0,0,0,0,,-,-,-,-,-,,$0,"$684,167"
651. Kevin Connauton,Pittsburgh Penguins,,UFA,27,D,,36,1,7,8,0,,-,-,-,-,-,,"$600,000","$683,333"
652. Garrett Wilson,Pittsburgh Penguins,,UFA,26,LW,,3,0,0,0,0,,-,-,-,-,-,,"$730,000","$683,333"
653. Victor Rask,Montreal Canadiens,,UFA,24,C,,0,0,0,0,0,,-,-,-,-,-,,"$642,500","$680,833"
654. Mike Condon,Detroit Red Wings,,UFA,27,G,,0,-,-,-,-,-,0,0,0,0.00,.000,,"$667,500","$680,000"
655. Paul Carey,Dallas Stars,,UFA,28,C,,12,0,0,0,0,,-,-,-,-,-,,"$737,500","$675,000"
656. Oscar Lindberg,New York Islanders,,UFA,25,C,,0,0,0,0,0,,-,-,-,-,-,,"$675,000","$675,000"
657. Jack Skille,New York Islanders,,UFA,30,RW,,0,0,0,0,0,,-,-,-,-,-,,"$675,000","$675,000"
658. Chris Porter,Los Angeles Kings,,UFA,33,LW,,22,0,1,1,0,,-,-,-,-,-,,"$650,000","$675,000"
659. Taylor Fedun,Pittsburgh Penguins,,UFA,29,D,,4,2,0,2,0,,-,-,-,-,-,,"$675,000","$675,000"
660. Thomas Hickey,Ottawa Senators,,UFA,28,D,,82,4,18,22,0,,-,-,-,-,-,,"$600,000","$675,000"
661. Eric Tangradi,Colorado Avalanche,,UFA,28,LW,,55,3,3,6,0,,-,-,-,-,-,,"$650,000","$675,000"
662. Brandon Manning,Columbus Blue Jackets,,UFA,27,D,,0,0,0,0,0,,-,-,-,-,-,,"$675,000","$675,000"
663. Jonathan Racine,Philadelphia Flyers,,UFA,24,D,,1,0,0,0,0,,-,-,-,-,-,,"$665,000","$674,167"
664. Logan Shaw,Arizona Coyotes,,RFA,24,RW,,0,0,0,0,0,,-,-,-,-,-,,"$665,000","$674,167"
665. Xavier Ouellet,Washington Capitals,,RFA,23,D,,4,0,0,0,0,,-,-,-,-,-,,"$642,500","$670,000"
666. Garret Sparks,Vegas Golden Knights,,RFA,24,G,,0,-,-,-,-,-,0,0,0,0.00,.000,,"$670,000","$670,000"
667. Martin Frk,Los Angeles Kings,,RFA,23,RW,,0,0,0,0,0,,-,-,-,-,-,,$0,"$670,000"
668. Jyrki Jokipakka,Washington Capitals,,UFA,25,D,,0,0,0,0,0,,-,-,-,-,-,,"$675,000","$666,667"
669. Dalton Prout,Arizona Coyotes,,UFA,27,D,,49,2,4,6,0,,-,-,-,-,-,,"$700,000","$666,667"
670. Victor Bartley,Chicago Blackhawks,,UFA,29,D,,50,1,5,6,0,,-,-,-,-,-,,"$600,000","$666,667"
671. Alexey Marchenko,Anaheim Ducks,,RFA,25,D,,1,0,0,0,0,,-,-,-,-,-,,"$625,000","$666,667"
672. Zach Trotman,Edmonton Oilers,,UFA,26,D,,2,0,0,0,0,,-,-,-,-,-,,"$690,000","$665,000"
673. Will Weber,Ottawa Senators,,UFA,28,D,,0,0,0,0,0,,-,-,-,-,-,,"$687,500","$662,500"
674. Greg Pateryn,Tampa Bay Lightning,,UFA,27,D,,0,0,0,0,0,,-,-,-,-,-,,"$687,500","$662,500"
675. Vincent Trocheck,San Jose Sharks,,UFA,24,"C, RW",,20,5,3,8,0,,-,-,-,-,-,,"$692,500","$661,667"
676. Mike Hoffman,Anaheim Ducks,,UFA,27,"LW, C",,25,3,3,6,0,,-,-,-,-,-,,"$660,000","$660,000"
677. Greg McKegg,Boston Bruins,,RFA,25,C,,1,0,0,0,0,,-,-,-,-,-,,"$690,000","$660,000"
678. Jesse Blacker,Detroit Red Wings,,UFA,26,D,,0,0,0,0,0,,-,-,-,-,-,,"$650,000","$660,000"
679. Eric Gelinas,Edmonton Oilers,,UFA,26,D,,60,7,22,29,0,,-,-,-,-,-,,"$650,000","$660,000"
680. Michael Bournival,Detroit Red Wings,,RFA,25,LW,,60,7,7,14,0,,-,-,-,-,-,,"$690,000","$660,000"
681. Darren Archibald,Montreal Canadiens,,UFA,27,RW,,16,1,2,3,0,,-,-,-,-,-,,"$660,000","$660,000"
682. Laurent Brossoit,Vegas Golden Knights,,RFA,24,G,,0,-,-,-,-,-,0,0,0,0.00,.000,,"$642,500","$659,167"
683. Jordan Martinook,Vegas Golden Knights,,UFA,25,LW,,0,0,0,0,0,,-,-,-,-,-,,"$633,250","$658,250"
684. Anton Forsberg,Detroit Red Wings,,RFA,24,G,,0,-,-,-,-,-,0,0,0,0.00,.000,,"$620,000","$655,000"
685. Jimmy Hayes,Edmonton Oilers,,UFA,27,RW,,55,11,7,18,0,,-,-,-,-,-,,"$687,500","$654,167"
686. Matt Murray,Toronto Maple Leafs,,RFA,23,G,,0,-,-,-,-,-,0,0,0,0.00,.000,,$0,"$650,833"
687. Tristan Jarry,Washington Capitals,,RFA,22,G,,0,-,-,-,-,-,0,0,0,0.00,.000,,$0,"$650,833"
688. Andreas Athanasiou,Edmonton Oilers,,RFA,22,C,,0,0,0,0,0,,-,-,-,-,-,,$0,"$650,833"
689. Cole Cassels,Tampa Bay Lightning,,RFA,22,C,,0,0,0,0,0,,-,-,-,-,-,,$0,"$650,833"
690. Spencer Abbott,Los Angeles Kings,,UFA,29,LW,,1,0,0,0,0,,-,-,-,-,-,,"$650,000","$650,000"
691. Cameron Gaunce,Edmonton Oilers,,UFA,27,D,,9,0,0,0,0,,-,-,-,-,-,,"$650,000","$650,000"
692. Cedrick Desjardins,Winnipeg Jets,,UFA,31,G,,1,-,-,-,-,-,0,0,0,0.00,.000,,"$650,000","$650,000"
693. Christopher Gibson,Washington Capitals,,RFA,24,G,,0,-,-,-,-,-,0,0,0,0.00,.000,,"$625,000","$650,000"
694. Yannick Weber,Nashville Predators,,UFA,28,D,,49,6,4,10,0,,-,-,-,-,-,,"$650,000","$650,000"
695. Matt Bartkowski,Vegas Golden Knights,,UFA,29,D,,64,0,18,18,0,,-,-,-,-,-,,"$650,000","$650,000"
696. Rylan Schwartz,Minnesota Wild,,UFA,27,C,,0,0,0,0,0,,-,-,-,-,-,,"$650,000","$650,000"
697. Charles Hudon,Ottawa Senators,,RFA,23,LW,,0,0,0,0,0,,-,-,-,-,-,,$0,"$650,000"
698. Matt Taormina,Pittsburgh Penguins,,UFA,30,D,,7,0,0,0,0,,-,-,-,-,-,,"$650,000","$650,000"
699. Scott Wedgewood,San Jose Sharks,,RFA,24,G,,0,-,-,-,-,-,0,0,0,0.00,.000,,"$640,000","$648,333"
700. Michael Lee,Dallas Stars,,UFA,26,G,,0,-,-,-,-,-,0,0,0,0.00,.000,,"$640,000","$648,333"
701. David Warsofsky,New Jersey Devils,,UFA,27,D,,6,1,1,2,0,,-,-,-,-,-,,"$687,500","$645,833"
702. Curtis McKenzie,New York Rangers,,UFA,26,LW,,0,0,0,0,0,,-,-,-,-,-,,"$620,000","$645,000"
703. JC Lipon,Philadelphia Flyers,,RFA,24,RW,,0,0,0,0,0,,-,-,-,-,-,,"$615,000","$645,000"
704. Paul Byron,St. Louis Blues,,UFA,28,"C, LW, RW",,47,7,14,21,0,,-,-,-,-,-,,"$643,500","$643,500"
705. Alex Broadhurst,Boston Bruins,,RFA,24,C,,0,0,0,0,0,,-,-,-,-,-,,"$635,000","$643,333"
706. Ryan Olsen,Columbus Blue Jackets,,UFA,23,C,,0,0,0,0,0,,-,-,-,-,-,,$0,"$641,667"
707. Marek Hrivik,New Jersey Devils,,RFA,25,RW,,0,0,0,0,0,,-,-,-,-,-,,"$640,000","$641,667"
708. Jordan Caron,Arizona Coyotes,,UFA,26,RW,,35,1,2,3,0,,-,-,-,-,-,,"$640,000","$640,000"
709. Darian Dziurzynski,Carolina Hurricanes,,UFA,26,C,,0,0,0,0,0,,-,-,-,-,-,,"$615,000","$640,000"
710. Alexandre Grenier,Edmonton Oilers,,RFA,25,RW,,0,0,0,0,0,,-,-,-,-,-,,"$630,000","$640,000"
711. Tim Heed,Vegas Golden Knights,,UFA,26,D,,0,0,0,0,0,,-,-,-,-,-,,"$645,000","$638,333"
712. Brian Flynn,New Jersey Devils,,UFA,29,RW,,79,6,7,13,0,,-,-,-,-,-,,"$625,000","$637,500"
713. Colin McDonald,Chicago Blackhawks,,UFA,32,RW,,70,8,10,18,0,,-,-,-,-,-,,"$600,000","$637,500"
714. Jim O'Brien,Anaheim Ducks,,UFA,28,C,,0,0,0,0,0,,-,-,-,-,-,,"$650,000","$637,500"
715. Connor Carrick,Los Angeles Kings,,RFA,23,D,,34,1,5,6,0,,-,-,-,-,-,,"$630,000","$636,667"
716. Garret Ross,Arizona Coyotes,,UFA,25,LW,,0,0,0,0,0,,-,-,-,-,-,,"$610,000","$636,667"
717. Jordan Binnington,Montreal Canadiens,,RFA,24,G,,0,-,-,-,-,-,0,0,0,0.00,.000,,"$642,500","$636,667"
718. Luke Gazdic,Buffalo Sabres,,UFA,28,LW,,67,2,2,4,0,,-,-,-,-,-,,"$635,000","$635,000"
719. Colton Sissons,,,RFA,23,C,,17,1,3,4,0,,-,-,-,-,-,,"$640,000","$635,000"
720. Michael St. Croix,,,UFA,24,C,,0,0,0,0,0,,-,-,-,-,-,,"$640,000","$635,000"
721. Cedric Paquette,,,RFA,23,"C, LW",,2,0,1,1,0,,-,-,-,-,-,,"$625,000","$633,333"
722. Dylan DeMelo,,,RFA,24,D,,0,0,0,0,0,,-,-,-,-,-,,"$625,000","$633,333"
723. Sven Andrighetto,,,RFA,24,RW,,0,0,0,0,0,,-,-,-,-,-,,"$625,000","$633,333"
724. Sam Carrick,,,UFA,25,C,,0,0,0,0,0,,-,-,-,-,-,,"$630,000","$631,667"
725. Kale Kessy,,,UFA,24,LW,,0,0,0,0,0,,-,-,-,-,-,,"$620,000","$630,000"
726. Tomas Tatar,,,UFA,26,"LW, RW",,73,19,20,39,0,,-,-,-,-,-,,"$650,000","$630,000"
727. Damon Severson,,,RFA,22,D,,0,0,0,0,0,,-,-,-,-,-,,$0,"$628,333"
728. Luke Witkowski,,,UFA,27,D,,0,0,0,0,0,,-,-,-,-,-,,"$627,500","$627,500"
729. Anthony Bitetto,,,UFA,27,D,,0,0,0,0,0,,-,-,-,-,-,,"$640,000","$627,500"
730. Freddie Hamilton,,,RFA,25,C,,11,0,0,0,0,,-,-,-,-,-,,"$640,000","$626,667"
731. Adam Payerl,,,UFA,26,C,,2,0,0,0,0,,-,-,-,-,-,,"$635,000","$626,667"
732. Richard Bachman,,,UFA,30,G,,3,-,-,-,-,-,0,0,0,0.00,.000,,"$625,000","$625,000"
733. Julian Melchiori,,,RFA,25,D,,1,0,0,0,0,,-,-,-,-,-,,"$615,000","$625,000"
734. Michael Kostka,,,UFA,31,D,,28,4,7,11,0,,-,-,-,-,-,,"$625,000","$625,000"
735. Jon Landry,,,UFA,34,D,,0,0,0,0,0,,-,-,-,-,-,,"$625,000","$625,000"
736. Pierre-Cedric Labrie,,,UFA,30,LW,,13,0,0,0,0,,-,-,-,-,-,,"$625,000","$625,000"
737. Patrick Cannone,,,UFA,30,C,,0,0,0,0,0,,-,-,-,-,-,,"$650,000","$625,000"
738. Alex Stalock,,,UFA,29,G,,24,-,-,-,-,-,0,0,0,0.00,.000,,"$625,000","$625,000"
739. Troy Grosenick,,,UFA,27,G,,0,-,-,-,-,-,0,0,0,0.00,.000,,"$600,000","$625,000"
740. Fredrik Claesson,,,RFA,24,D,,0,0,0,0,0,,-,-,-,-,-,,"$615,000","$623,333"
741. Philip Samuelsson,,,RFA,26,D,,5,0,0,0,0,,-,-,-,-,-,,"$640,000","$623,333"
742. Brenden Kichton,,,RFA,25,D,,0,0,0,0,0,,-,-,-,-,-,,"$590,000","$620,000"
743. Viktor Svedberg,,,UFA,26,D,,0,0,0,0,0,,-,-,-,-,-,,"$620,000","$620,000"
744. Ryan Sproul,,,RFA,24,D,,1,0,0,0,0,,-,-,-,-,-,,"$642,500","$620,000"
745. Tyler Bunz,,,UFA,25,G,,0,-,-,-,-,-,0,0,0,0.00,.000,,"$620,000","$618,333"
746. Ben Chiarot,,,UFA,26,D,,1,0,0,0,0,,-,-,-,-,-,,"$662,500","$618,333"
747. Max Reinhart,,,RFA,25,C,,8,0,2,2,0,,-,-,-,-,-,,"$640,000","$618,333"
748. Andrew O'Brien,,,RFA,24,D,,0,0,0,0,0,,-,-,-,-,-,,"$610,000","$618,333"
749. Joakim Nordstrom,,,RFA,25,LW,,16,1,2,3,0,,-,-,-,-,-,,"$625,000","$616,667"
750. Mac Carruth,,,UFA,25,G,,0,-,-,-,-,-,0,0,0,0.00,.000,,"$625,000","$616,667"
751. Brandon Davidson,,,RFA,25,D,,0,0,0,0,0,,-,-,-,-,-,,"$615,000","$615,000"
752. Jordan Szwarz,,,UFA,26,RW,,26,3,0,3,0,,-,-,-,-,-,,"$638,354","$613,353"
753. Jean-Gabriel Pageau,,,UFA,24,C,,28,2,0,2,0,,-,-,-,-,-,,"$605,000","$613,333"
754. Lukas Sedlak,,,RFA,24,C,,0,0,0,0,0,,-,-,-,-,-,,"$595,000","$613,333"
755. Klas Dahlbeck,,,RFA,26,D,,0,0,0,0,0,,-,-,-,-,-,,"$625,000","$613,333"
756. Reece Scarlett,,,RFA,24,D,,0,0,0,0,0,,-,-,-,-,-,,"$620,000","$613,333"
757. Antoine Roussel,,,UFA,27,LW,,81,14,15,29,0,,-,-,-,-,-,,"$625,000","$612,500"
758. Micheal Ferland,,,UFA,25,"LW, RW",,0,0,0,0,0,,-,-,-,-,-,,"$630,000","$611,667"
759. Daniel Catenacci,,,RFA,24,C,,0,0,0,0,0,,-,-,-,-,-,,"$630,000","$611,667"
760. Josh Shalla,,,UFA,25,LW,,0,0,0,0,0,,-,-,-,-,-,,"$620,000","$611,667"
761. Jordan Weal,,,UFA,25,"C, LW",,0,0,0,0,0,,-,-,-,-,-,,"$640,000","$610,000"
762. Marek Mazanec,,,RFA,26,G,,25,-,-,-,-,-,0,0,0,0.00,.000,,"$610,000","$610,000"
763. Danick Gauthier,,,UFA,25,C,,0,0,0,0,0,,-,-,-,-,-,,"$615,000","$608,333"
764. Kristers Gudlevskis,,,RFA,24,G,,1,-,-,-,-,-,0,0,0,0.00,.000,,"$610,000","$608,333"
765. Nicolas Deslauriers,,,UFA,26,LW,,17,1,0,1,0,,-,-,-,-,-,,"$625,000","$608,333"
766. Sergey Tolchinsky,,,RFA,22,LW,,0,0,0,0,0,,-,-,-,-,-,,$0,"$608,333"
767. Tommy Hughes,,,UFA,25,D,,0,0,0,0,0,,-,-,-,-,-,,"$600,000","$608,333"
768. Mark Barberio,,,UFA,27,D,,49,5,5,10,0,,-,-,-,-,-,,"$605,000","$605,000"
769. Derek Grant,,,UFA,27,C,,20,0,2,2,0,,-,-,-,-,-,,"$660,000","$605,000"
770. Brandon Mashinter,,,UFA,28,LW,,6,0,0,0,0,,-,-,-,-,-,,"$605,000","$605,000"
771. Mark Stone,,,RFA,25,RW,,19,4,4,8,0,,-,-,-,-,-,,"$630,000","$603,333"
772. Colin Miller,,,RFA,24,D,,0,0,0,0,0,,-,-,-,-,-,,"$592,500","$602,500"
773. Evan McEneny,,,RFA,23,D,,0,0,0,0,0,,-,-,-,-,-,,$0,"$601,667"
774. Al Montoya,,,UFA,32,G,,28,-,-,-,-,-,0,0,0,0.00,.000,,"$601,000","$601,000"
775. T.J. Brennan,,,UFA,28,D,,0,0,0,0,0,,-,-,-,-,-,,"$600,000","$600,000"
776. Robert Bortuzzo,,,UFA,28,D,,54,0,10,10,0,,-,-,-,-,-,,"$550,000","$600,000"
777. Chad Johnson,,,UFA,31,G,,27,-,-,-,-,-,0,0,0,0.00,.000,,"$600,000","$600,000"
778. Michael Hutchinson,,,UFA,27,G,,3,-,-,-,-,-,0,0,0,0.00,.000,,"$600,000","$600,000"
779. Adam Pardy,,,UFA,33,D,,60,0,6,6,0,,-,-,-,-,-,,"$600,000","$600,000"
780. Colton Sceviour,,,UFA,28,"C, RW",,26,8,4,12,0,,-,-,-,-,-,,"$600,000","$600,000"
781. Taylor Chorney,,,UFA,30,D,,0,0,0,0,0,,-,-,-,-,-,,"$600,000","$600,000"
782. Kellan Lain,,,UFA,27,LW,,9,1,0,1,0,,-,-,-,-,-,,"$600,000","$600,000"
783. Joe Colborne,,,UFA,27,"C, LW, RW",,80,10,18,28,0,,-,-,-,-,-,,"$600,000","$600,000"
784. Chris Mueller,,,UFA,31,C,,9,0,0,0,0,,-,-,-,-,-,,"$600,000","$600,000"
785. Troy Bodie,,,UFA,32,RW,,47,3,7,10,0,,-,-,-,-,-,,"$600,000","$600,000"
786. David Van Der Gulik,,,UFA,34,LW,,2,0,0,0,0,,-,-,-,-,-,,"$600,000","$600,000"
787. Curtis McElhinney,,,UFA,34,G,,28,-,-,-,-,-,0,0,0,0.00,.000,,"$600,000","$600,000"
788. Dana Tyrell,,,UFA,28,C,,7,0,0,0,0,,-,-,-,-,-,,"$600,000","$600,000"
789. Cody Bass,,,UFA,30,C,,1,0,0,0,0,,-,-,-,-,-,,"$600,000","$600,000"
790. Ryan Reaves,,,UFA,30,RW,,63,2,6,8,0,,-,-,-,-,-,,"$600,000","$600,000"
791. Adam Cracknell,,,UFA,32,RW,,19,0,2,2,0,,-,-,-,-,-,,"$600,000","$600,000"
792. Nate Guenin,,,UFA,34,D,,68,1,8,9,0,,-,-,-,-,-,,"$600,000","$600,000"
793. Nick Holden,,,UFA,30,D,,54,10,15,25,0,,-,-,-,-,-,,"$600,000","$600,000"
794. Jordan Schroeder,,,UFA,26,"C, RW",,25,3,3,6,0,,-,-,-,-,-,,"$600,000","$600,000"
795. Justin Fontaine,,,UFA,29,RW,,66,13,8,21,0,,-,-,-,-,-,,"$600,000","$600,000"
796. Micheal Haley,,,UFA,31,C,,0,0,0,0,0,,-,-,-,-,-,,"$600,000","$600,000"
797. Philip Lane,,,UFA,25,RW,,0,0,0,0,0,,-,-,-,-,-,,"$610,000","$600,000"
798. Scott Timmins,,,UFA,27,C,,0,0,0,0,0,,-,-,-,-,-,,"$600,000","$600,000"
799. Ben Holmstrom,,,UFA,30,C,,0,0,0,0,0,,-,-,-,-,-,,"$600,000","$600,000"
800. Brett Bellemore,,,UFA,29,D,,64,2,6,8,0,,-,-,-,-,-,,"$600,000","$600,000"
801. Alex Biega,,,UFA,29,D,,0,0,0,0,0,,-,-,-,-,-,,"$600,000","$600,000"
802. Tyler Randell,,,UFA,26,RW,,0,0,0,0,0,,-,-,-,-,-,,"$625,000","$600,000"
803. Jesse Winchester,,,UFA,33,"C, RW, LW",,52,9,9,18,0,,-,-,-,-,-,,"$600,000","$600,000"
804. Tom Pyatt,,,UFA,30,C,,0,0,0,0,0,,-,-,-,-,-,,"$600,000","$600,000"
805. Harri Sateri,,,UFA,27,G,,0,-,-,-,-,-,0,0,0,0.00,.000,,"$600,000","$600,000"
806. Jean-Sebastien Dea,,,RFA,23,C,,0,0,0,0,0,,-,-,-,-,-,,$0,"$598,333"
807. Tom Kuhnhackl,,,RFA,25,RW,,0,0,0,0,0,,-,-,-,-,-,,"$635,000","$598,333"
808. Byron Froese,,,UFA,26,C,,0,0,0,0,0,,-,-,-,-,-,,"$615,000","$598,333"
809. Petr Mrazek,,,RFA,25,G,,9,-,-,-,-,-,0,0,0,0.00,.000,,"$630,000","$595,000"
810. Mike McKenna,,,UFA,34,G,,4,-,-,-,-,-,0,0,0,0.00,.000,,"$595,000","$595,000"
811. Seth Helgeson,,,UFA,26,D,,0,0,0,0,0,,-,-,-,-,-,,"$595,000","$595,000"
812. Alan Quine,,,RFA,24,C,,0,0,0,0,0,,-,-,-,-,-,,"$570,000","$595,000"
813. Andy Andreoff,,,UFA,26,"LW, C",,0,0,0,0,0,,-,-,-,-,-,,"$610,000","$593,333"
814. Andrej Nestrasil,,,UFA,26,"C, RW, LW",,0,0,0,0,0,,-,-,-,-,-,,"$608,333","$593,333"
815. Cody Beach,,,UFA,24,RW,,0,0,0,0,0,,-,-,-,-,-,,"$625,000","$591,667"
816. Colin Jacobs,,,UFA,24,C,,0,0,0,0,0,,-,-,-,-,-,,"$595,000","$591,667"
817. Frank Corrado,,,RFA,24,D,,15,1,0,1,0,,-,-,-,-,-,,"$615,000","$591,667"
818. Chris Wideman,,,UFA,27,D,,0,0,0,0,0,,-,-,-,-,-,,"$605,000","$590,000"
819. Andrew Agozzino,,,UFA,26,LW,,0,0,0,0,0,,-,-,-,-,-,,"$590,000","$590,000"
820. Scott Harrington,,,RFA,24,D,,0,0,0,0,0,,-,-,-,-,-,,"$642,500","$589,167"
821. Stephane Veilleux,,,UFA,35,LW,,34,3,0,3,0,,-,-,-,-,-,,"$600,000","$587,500"
822. Philip Varone,,,UFA,26,C,,9,1,1,2,0,,-,-,-,-,-,,"$595,000","$586,667"
823. Michael Latta,,,UFA,26,C,,17,1,3,4,0,,-,-,-,-,-,,"$550,000","$586,667"
824. John Albert,,,UFA,28,C,,9,1,0,1,0,,-,-,-,-,-,,"$585,000","$585,000"
825. David Shields,,,UFA,26,D,,0,0,0,0,0,,-,-,-,-,-,,"$600,000","$583,333"
826. Stefan Fournier,,,UFA,25,RW,,0,0,0,0,0,,-,-,-,-,-,,"$575,000","$583,333"
827. Maxime Lagace,,,RFA,24,G,,0,-,-,-,-,-,0,0,0,0.00,.000,,"$585,000","$581,667"
828. Joshua McFadden,,,UFA,26,D,,0,0,0,0,0,,-,-,-,-,-,,"$580,000","$580,000"
829. Kurtis MacDermid,,,RFA,23,D,,0,0,0,0,0,,-,-,-,-,-,,$0,"$579,444"
830. Philipp Grubauer,,,RFA,25,G,,17,-,-,-,-,-,0,0,0,0.00,.000,,"$550,000","$578,333"
831. Louis Domingue,,,RFA,25,G,,0,-,-,-,-,-,0,0,0,0.00,.000,,"$605,000","$578,333"
832. Lance Bouma,,,UFA,27,"C, LW, RW",,78,5,10,15,0,,-,-,-,-,-,,"$577,500","$577,500"
833. Corey Tropp,,,UFA,28,"RW, LW",,53,2,9,11,0,,-,-,-,-,-,,"$577,500","$577,500"
834. Blake Parlett,,,UFA,28,D,,0,0,0,0,0,,-,-,-,-,-,,"$577,500","$577,500"
835. Patrick Maroon,,,UFA,29,LW,,62,11,18,29,0,,-,-,-,-,-,,"$575,000","$575,000"
836. Mark Borowiecki,,,UFA,28,D,,13,1,0,1,0,,-,-,-,-,-,,"$550,000","$575,000"
837. Ondrej Palat,,,UFA,26,LW,,81,23,36,59,0,,-,-,-,-,-,,"$587,500","$575,000"
838. Brandon Bollig,,,UFA,30,LW,,82,7,7,14,0,,-,-,-,-,-,,"$575,000","$575,000"
839. Frédéric St-Denis,,,UFA,31,D,,0,0,0,0,0,,-,-,-,-,-,,"$575,000","$575,000"
840. Aaron Volpatti,,,UFA,32,LW,,41,2,0,2,0,,-,-,-,-,-,,"$550,000","$575,000"
841. Dustin Tokarski,,,UFA,27,G,,3,-,-,-,-,-,0,0,0,0.00,.000,,"$575,000","$575,000"
842. Riley Nash,,,UFA,28,"C, RW",,73,10,14,24,0,,-,-,-,-,-,,"$550,000","$575,000"
843. Luke Glendening,,,UFA,28,"C, RW, LW",,56,1,6,7,0,,-,-,-,-,-,,"$575,000","$575,000"
844. Edward Pasquale,,,UFA,26,G,,0,-,-,-,-,-,0,0,0,0.00,.000,,"$575,000","$575,000"
845. Ben Street,,,UFA,30,C,,13,0,1,1,0,,-,-,-,-,-,,"$600,000","$575,000"
846. Andrew Shaw,,,UFA,26,"C, LW, RW",,80,20,19,39,0,,-,-,-,-,-,,"$580,000","$573,333"
847. Cody Eakin,,,UFA,26,C,,81,16,19,35,0,,-,-,-,-,-,,"$550,000","$571,667"
848. John Kurtz,,,UFA,28,LW,,0,0,0,0,0,,-,-,-,-,-,,"$570,000","$570,000"
849. Maxime Clermont,,,UFA,25,G,,0,-,-,-,-,-,0,0,0,0.00,.000,,"$585,000","$568,333"
850. Joe Whitney,,,UFA,29,LW,,1,0,0,0,0,,-,-,-,-,-,,"$585,000","$567,500"
851. Deryk Engelland,,,UFA,35,D,,56,6,6,12,0,,-,-,-,-,-,,"$575,000","$566,667"
852. Turner Elson,,,RFA,24,LW,,0,0,0,0,0,,-,-,-,-,-,,"$585,000","$565,000"
853. Eric Gryba,,,UFA,29,D,,57,2,9,11,0,,-,-,-,-,-,,"$600,000","$562,500"
854. Ben Smith,,,UFA,29,"RW, C",,75,14,12,26,0,,-,-,-,-,-,,"$575,000","$562,500"
855. Anthony Peluso,,,UFA,28,RW,,53,2,3,5,0,,-,-,-,-,-,,"$550,000","$562,500"
856. Cam Talbot,,,UFA,30,G,,21,-,-,-,-,-,0,0,0,0.00,.000,,"$550,000","$562,500"
857. Kevin Marshall,,,UFA,28,D,,0,0,0,0,0,,-,-,-,-,-,,"$550,000","$562,500"
858. Stephen Gionta,,,UFA,33,"C, RW",,66,4,7,11,0,,-,-,-,-,-,,"$600,000","$562,500"
859. Gabriel Dumont,,,UFA,26,C,,2,0,0,0,0,,-,-,-,-,-,,"$550,000","$562,500"
860. Andrew Crescenzi,,,RFA,24,C,,0,0,0,0,0,,-,-,-,-,-,,"$550,000","$561,111"
861. Mitch Callahan,,,UFA,25,RW,,1,0,0,0,0,,-,-,-,-,-,,"$550,000","$560,000"
862. Beau Schmitz,,,UFA,26,D,,0,0,0,0,0,,-,-,-,-,-,,"$550,000","$558,333"
863. Michael Sgarbossa,,,RFA,25,C,,0,0,0,0,0,,-,-,-,-,-,,"$550,000","$556,667"
864. Dan Milan,,,UFA,25,D,,0,0,0,0,0,,-,-,-,-,-,,"$570,000","$556,667"
865. J.P. Anderson,,,UFA,25,G,,0,-,-,-,-,-,0,0,0,0.00,.000,,"$550,000","$555,000"
866. Curt Gogol,,,UFA,25,LW,,0,0,0,0,0,,-,-,-,-,-,,"$550,000","$551,667"
867. Jason Clark,,,UFA,25,C,,0,0,0,0,0,,-,-,-,-,-,,"$560,000","$551,667"
868. Colton Jobke,,,UFA,25,D,,0,0,0,0,0,,-,-,-,-,-,,"$550,000","$551,667"
869. Mat Clark,,,UFA,26,D,,0,0,0,0,0,,-,-,-,-,-,,"$550,000","$550,000"
870. Mark Louis,,,UFA,30,RW,,0,0,0,0,0,,-,-,-,-,-,,"$550,000","$550,000"
871. Zach Sill,,,UFA,29,C,,20,0,0,0,0,,-,-,-,-,-,,"$550,000","$550,000"
872. Trevor Smith,,,UFA,32,C,,28,4,5,9,0,,-,-,-,-,-,,"$550,000","$550,000"
873. Nick Drazenovic,,,UFA,30,C,,1,0,0,0,0,,-,-,-,-,-,,"$550,000","$550,000"
874. Bobby Farnham,,,UFA,28,RW,,0,0,0,0,0,,-,-,-,-,-,,"$550,000","$550,000"
875. Julien Brouillette,,,UFA,30,D,,10,1,1,2,0,,-,-,-,-,-,,"$550,000","$550,000"
876. Brad Hunt,,,UFA,28,D,,3,0,0,0,0,,-,-,-,-,-,,"$550,000","$550,000"
877. Alex Grant,,,UFA,28,D,,2,2,0,2,0,,-,-,-,-,-,,"$550,000","$550,000"
878. Mike Blunden,,,UFA,30,RW,,7,0,0,0,0,,-,-,-,-,-,,"$550,000","$550,000"
879. Chris Summers,,,UFA,29,D,,18,2,1,3,0,,-,-,-,-,-,,"$550,000","$550,000"
880. Martin Jones,,,UFA,27,G,,19,-,-,-,-,-,0,0,0,0.00,.000,,"$550,000","$550,000"
881. Andrew Bodnarchuk,,,UFA,29,D,,0,0,0,0,0,,-,-,-,-,-,,"$550,000","$550,000"
882. Brian Gibbons,,,UFA,29,C,,41,5,12,17,0,,-,-,-,-,-,,"$550,000","$550,000"
883. Tomas Kundratek,,,UFA,27,C,,0,0,0,0,0,,-,-,-,-,-,,"$550,000","$550,000"
884. Steven Kampfer,,,UFA,28,D,,0,0,0,0,0,,-,-,-,-,-,,"$550,000","$550,000"
885. Benn Ferriero,,,UFA,30,RW,,2,0,0,0,0,,-,-,-,-,-,,"$550,000","$550,000"
886. Joe Vitale,,,UFA,31,"C, RW",,53,1,13,14,0,,-,-,-,-,-,,"$575,000","$550,000"
887. Andrew MacDonald,,,UFA,30,D,,82,4,24,28,0,,-,-,-,-,-,,"$575,000","$550,000"
888. Carter Hutton,,,UFA,31,G,,40,-,-,-,-,-,0,0,0,0.00,.000,,"$550,000","$550,000"
889. Kevan Miller,,,UFA,29,D,,47,1,5,6,0,,-,-,-,-,-,,"$550,000","$550,000"
890. Zac Dalpe,,,UFA,27,C,,55,4,3,7,0,,-,-,-,-,-,,"$550,000","$550,000"
891. Eric Boulton,,,UFA,40,LW,,23,2,2,4,0,,-,-,-,-,-,,"$550,000","$550,000"
892. Keith Kinkaid,,,UFA,28,G,,0,-,-,-,-,-,0,0,0,0.00,.000,,"$550,000","$550,000"
893. Alexandre Bolduc,,,UFA,32,C,,0,0,0,0,0,,-,-,-,-,-,,"$550,000","$550,000"
894. Mike Sislo,,,UFA,29,RW,,14,0,0,0,0,,-,-,-,-,-,,"$550,000","$550,000"
895. Jared Staal,,,UFA,26,RW,,0,0,0,0,0,,-,-,-,-,-,,"$550,000","$550,000"
896. Mark Van Guilder,,,UFA,33,C,,1,0,0,0,0,,-,-,-,-,-,,"$550,000","$550,000"
897. Harry Zolnierczyk,,,UFA,29,LW,,13,2,0,2,0,,-,-,-,-,-,,"$550,000","$550,000"
898. Chris VandeVelde,,,UFA,30,"C, LW",,18,0,1,1,0,,-,-,-,-,-,,"$550,000","$550,000"
899. Brad Mills,,,UFA,34,C,,3,0,0,0,0,,-,-,-,-,-,,"$550,000","$550,000"
900. Jeremy Smith,,,UFA,28,G,,0,-,-,-,-,-,0,0,0,0.00,.000,,"$550,000","$550,000"
901. John Curry,,,UFA,33,G,,2,-,-,-,-,-,0,0,0,0.00,.000,,"$550,000","$550,000"
902. Joel Rechlicz,,,UFA,30,RW,,0,0,0,0,0,,-,-,-,-,-,,"$550,000","$550,000"
903. Kevin Henderson,,,UFA,30,LW,,0,0,0,0,0,,-,-,-,-,-,,"$550,000","$550,000"
904. Ryan Stanton,,,UFA,28,D,,64,1,15,16,0,,-,-,-,-,-,,"$550,000","$550,000"
905. Brett Gallant,,,UFA,28,LW,,4,0,0,0,0,,-,-,-,-,-,,"$550,000","$550,000"
906. Pierre-Luc Letourneau-Leblond,,,UFA,32,RW,,1,0,0,0,0,,-,-,-,-,-,,"$550,000","$550,000"
907. Paul Thompson,,,UFA,28,RW,,0,0,0,0,0,,-,-,-,-,-,,"$550,000","$550,000"
908. Bracken Kearns,,,UFA,36,C,,25,3,2,5,0,,-,-,-,-,-,,"$550,000","$550,000"
909. Jean-Francois Berube,,,UFA,26,G,,0,-,-,-,-,-,0,0,0,0.00,.000,,"$550,000","$548,333"
910. Steve Oleksy,,,UFA,31,D,,33,2,8,10,0,,-,-,-,-,-,,"$550,000","$541,667"
911. Brandon Anderson,,,UFA,25,G,,0,-,-,-,-,-,0,0,0,0.00,.000,,"$550,000","$541,667"
912. Jeff Zatkoff,,,UFA,30,G,,20,-,-,-,-,-,0,0,0,0.00,.000,,"$550,000","$537,500"
913. Andrew Campbell,,,UFA,29,D,,3,0,0,0,0,,-,-,-,-,-,,"$550,000","$537,500"
914. Chris Terry,,,UFA,28,"LW, RW",,10,0,2,2,0,,-,-,-,-,-,,"$550,000","$537,500"
915. Kevin Porter,,,UFA,31,C,,12,0,1,1,0,,-,-,-,-,-,,"$550,000","$537,500"
